0,541.13817,3,1962.209115
1,123.739512,0,1324.248931
2,0,1,1328.271481
2,4.233101,2,1328.271481
2,7.10E-05,3,1328.271481
3,0,1,1316.563137
3,4.752029,2,1316.563137
3,9.00E-05,3,1316.563137
3,59.370389,4,1316.563137
4,0,1,1316.788015
4,7.442542,2,1316.788015
4,961.32022,3,1316.788015
5,0,1,1276.21757
5,13.966941,2,1276.21757
5,0.000107,3,1276.21757
5,68.608715,4,1276.21757
6,0,1,1320.183531
6,7.844998,2,1320.183531
6,575.656791,3,1320.183531
7,0,1,1510.633433
7,7.194928,2,1510.633433
7,5.40E-05,3,1510.633433
8,0,1,1331.144554
8,9.625817,2,1331.144554
8,8.922007,3,1331.144554
9,0,1,1319.047878
9,7.740155,2,1319.047878
9,1182.308416,3,1319.047878
10,0,1,1314.32387
10,10.964302,2,1314.32387
10,18.790293,3,1314.32387
11,0,1,1330.734916
11,10.26101,2,1330.734916
11,4.20E-05,3,1330.734916
12,0,1,1314.397386
12,3.634744,2,1314.397386
12,7.20E-05,3,1314.397386
12,7.772738,4,1314.397386
13,0,1,1317.871757
13,14.865297,2,1317.871757
13,3.90E-05,3,1317.871757
14,0,1,1315.331684
14,6.857541,2,1315.331684
14,7.40E-05,3,1315.331684
14,8.953258,4,1315.331684
15,0,1,1334.857945
15,5.9995,2,1334.857945
15,5.40E-05,3,1334.857945
16,0,1,1343.929325
16,6.688063,2,1343.929325
16,4.90E-05,3,1343.929325
17,12.196881,0,1323.331312
17,0,1,1323.331312
17,3.812274,2,1323.331312
17,299.791857,3,1323.331312
18,0,1,1323.004125
18,8.726037,2,1323.004125
18,3.90E-05,3,1323.004125
19,0,1,1593.657908
19,8.212749,2,1593.657908
19,3.90E-05,3,1593.657908
20,0,1,1325.384945
20,2.670665,2,1325.384945
20,474.676644,3,1325.384945
21,0,1,1335.265541
21,15.637458,2,1335.265541
21,4.00E-05,3,1335.265541
22,0,1,1395.978444
23,0,1,1285.217635
23,6.881301,2,1285.217635
23,0.000101,3,1285.217635
23,12.575332,4,1285.217635
24,0,1,2434.999301
24,2.145808,2,2434.999301
24,5.90E-05,3,2434.999301
25,0,1,1262.327966
25,7.10401,2,1262.327966
25,8.840572,3,1262.327966
25,14.859776,4,1262.327966
26,0,1,1319.863465
26,5.537805,2,1319.863465
26,1117.055102,3,1319.863465
27,0,1,1317.338041
27,10.479381,2,1317.338041
27,1172.977412,3,1317.338041
28,0,1,1317.451716
28,9.639729,2,1317.451716
28,1172.841644,3,1317.451716
29,0,1,1320.037791
29,8.489842,2,1320.037791
29,1104.161865,3,1320.037791
30,0,1,1212.300013
30,8.479869,2,1212.300013
30,0.000103,3,1212.300013
30,6.69522,4,1212.300013
31,0,1,1393.149047
31,9.034358,2,1393.149047
31,4.50E-05,3,1393.149047
32,0,1,1336.603136
32,4.758883,2,1336.603136
32,5.50E-05,3,1336.603136
33,0,1,1321.081905
33,7.209565,2,1321.081905
33,1130.969681,3,1321.081905
34,0,1,1320.094271
34,6.899968,2,1320.094271
34,909.951703,3,1320.094271
35,0,1,1303.859671
35,11.878703,2,1303.859671
35,0.000106,3,1303.859671
35,15.474542,4,1303.859671
36,0,1,1319.27734
36,3.914495,2,1319.27734
36,259.961052,3,1319.27734
36,13.640494,4,1319.27734
37,0,1,1316.374612
37,9.649114,2,1316.374612
37,1162.414953,3,1316.374612
38,0,1,1324.963538
38,328.222609,3,1324.963538
39,0,1,1315.446299
39,8.545722,2,1315.446299
39,1175.385307,3,1315.446299
40,0,1,1338.565425
40,1.982733,2,1338.565425
40,5.00E-05,3,1338.565425
41,0,1,1341.74276
41,1.910687,2,1341.74276
41,1104.073446,3,1341.74276
42,0,1,2183.464821
42,2.269512,2,2183.464821
42,297.552207,3,2183.464821
43,0,1,1304.13696
43,15.446935,2,1304.13696
43,571.636938,3,1304.13696
43,22.895756,4,1304.13696
44,0,1,1314.285928
44,8.627401,2,1314.285928
44,20.784971,3,1314.285928
44,5.795522,4,1314.285928
45,0,1,1324.263361
45,8.76774,2,1324.263361
45,7.558629,3,1324.263361
46,0,1,1317.603643
46,11.058129,2,1317.603643
46,1138.400661,3,1317.603643
47,0,1,1369.411962
47,3.190523,2,1369.411962
47,22.353917,3,1369.411962
48,0,1,1319.236141
48,18.590865,2,1319.236141
48,30.475085,3,1319.236141
49,0,1,1391.55104
49,5.529962,2,1391.55104
49,13.759706,3,1391.55104
50,0,1,1365.696169
50,1.996211,2,1365.696169
50,6.10E-05,3,1365.696169
51,0,1,1320.510328
51,6.38977,2,1320.510328
51,1175.401692,3,1320.510328
52,0,1,1324.069904
52,9.159772,2,1324.069904
52,4.80E-05,3,1324.069904
53,0,1,1465.971275
53,1.546855,2,1465.971275
53,5.20E-05,3,1465.971275
54,0,1,1317.24646
54,15.154368,2,1317.24646
54,4.50E-05,3,1317.24646
55,0,1,1322.037789
56,0,1,1317.276919
56,9.099176,2,1317.276919
56,503.631985,3,1317.276919
57,0,1,1316.296171
57,20.772112,2,1316.296171
57,54.853819,3,1316.296171
58,0,1,1315.674023
58,3.835235,2,1315.674023
58,6.50E-05,3,1315.674023
58,3.523021,4,1315.674023
59,0,1,1339.207853
59,11.084076,2,1339.207853
59,167.883238,3,1339.207853
60,0,1,1337.294481
60,14.979746,2,1337.294481
60,5.30E-05,3,1337.294481
61,0,1,1315.521162
61,5.665541,2,1315.521162
61,7.00E-05,3,1315.521162
61,10.742211,4,1315.521162
62,0,1,1314.634444
62,11.749604,2,1314.634444
62,1160.723887,3,1314.634444
63,0,1,1315.228207
63,10.142343,2,1315.228207
63,1182.464259,3,1315.228207
64,0,1,1320.566087
64,3.483014,2,1320.566087
64,1185.022975,3,1320.566087
65,0,1,1346.714749
65,28.811382,2,1346.714749
65,5.30E-05,3,1346.714749
66,0,1,1315.870866
66,8.069772,2,1315.870866
66,1191.775615,3,1315.870866
67,0,1,1317.058594
67,8.732008,2,1317.058594
67,507.043726,3,1317.058594
68,0,1,1319.01945
68,8.762856,2,1319.01945
68,1185.335584,3,1319.01945
69,0,1,1399.633594
69,19.862527,2,1399.633594
69,4.70E-05,3,1399.633594
70,0,1,1314.649695
70,6.902553,2,1314.649695
70,7.60E-05,3,1314.649695
70,10.820527,4,1314.649695
71,0,1,1210.526706
71,3.599399,2,1210.526706
71,0.000566,3,1210.526706
71,13.22367,4,1210.526706
72,0,1,1355.793009
72,14.478011,2,1355.793009
72,5.80E-05,3,1355.793009
73,0,1,1315.259097
73,11.254886,2,1315.259097
73,1175.108402,3,1315.259097
74,0,1,1346.79854
74,16.954819,2,1346.79854
74,7.00E-05,3,1346.79854
75,0,1,1314.428406
75,10.917178,2,1314.428406
75,1182.301969,3,1314.428406
76,0,1,1316.316115
76,9.53475,2,1316.316115
76,872.115637,3,1316.316115
77,0,1,1316.791451
77,16.160014,2,1316.791451
77,6.00E-05,3,1316.791451
78,0,1,1316.69404
78,10.935799,2,1316.69404
78,1163.514323,3,1316.69404
79,0,1,1321.94531
79,4.371006,2,1321.94531
79,1114.402107,3,1321.94531
80,0,1,1321.903782
80,5.508691,2,1321.903782
80,611.634908,3,1321.903782
81,0,1,2111.716183
81,18.504186,2,2111.716183
81,4.40E-05,3,2111.716183
82,0,1,1317.663951
82,8.777097,2,1317.663951
82,1187.466867,3,1317.663951
83,0,1,1408.776737
83,2.272259,2,1408.776737
83,3.80E-05,3,1408.776737
84,0,1,1469.032945
84,2.414996,2,1469.032945
84,6.60E-05,3,1469.032945
85,0,1,1315.283182
85,4.277451,2,1315.283182
85,8.90E-05,3,1315.283182
85,7.111513,4,1315.283182
86,0,1,1345.627239
86,3.516685,2,1345.627239
86,5.80E-05,3,1345.627239
87,0,1,1329.703605
87,9.042481,2,1329.703605
87,72.995615,3,1329.703605
88,0,1,1314.451204
88,4.410975,2,1314.451204
88,8.90E-05,3,1314.451204
88,7.027701,4,1314.451204
89,0,1,1431.166054
89,3.082061,2,1431.166054
89,5.20E-05,3,1431.166054
90,0,1,1338.303962
90,11.179722,2,1338.303962
90,4.30E-05,3,1338.303962
91,0,1,1315.467255
91,4.374552,2,1315.467255
91,8.30E-05,3,1315.467255
91,7.403518,4,1315.467255
92,0,1,1317.39995
92,11.320513,2,1317.39995
92,1163.253944,3,1317.39995
93,0,1,1314.393336
93,8.053772,2,1314.393336
93,7.80E-05,3,1314.393336
93,4.468444,4,1314.393336
94,0,1,1524.820667
94,15.477884,2,1524.820667
94,5.60E-05,3,1524.820667
95,0,1,1316.042724
95,8.97815,2,1316.042724
95,1148.340424,3,1316.042724
96,0,1,1322.042091
96,5.003407,2,1322.042091
96,1174.508755,3,1322.042091
97,0,1,1314.026206
97,4.172544,2,1314.026206
97,7.20E-05,3,1314.026206
97,11.257693,4,1314.026206
98,0,1,1509.117129
98,7.907021,2,1509.117129
98,19.470279,3,1509.117129
99,0,1,1316.033309
99,3.66207,2,1316.033309
99,8.60E-05,3,1316.033309
99,7.932761,4,1316.033309
100,0,1,1317.739623
100,4.700457,2,1317.739623
100,9.00E-05,3,1317.739623
100,8.294572,4,1317.739623
101,0,1,1331.953722
101,8.76499,2,1331.953722
101,4.30E-05,3,1331.953722
102,0,1,1317.723518
103,0,1,1334.075127
103,6.119941,2,1334.075127
103,5.40E-05,3,1334.075127
104,0,1,1551.142393
105,0,1,1319.491543
105,12.15766,2,1319.491543
105,159.017605,3,1319.491543
106,0,1,1318.556856
106,4.609824,2,1318.556856
106,429.953771,3,1318.556856
106,24.076639,4,1318.556856
107,0,1,1328.396561
107,8.256606,2,1328.396561
107,7.30E-05,3,1328.396561
108,0,1,1315.959907
108,5.220378,2,1315.959907
108,9.20E-05,3,1315.959907
108,8.075065,4,1315.959907
109,0,1,1324.595959
109,7.772943,2,1324.595959
109,3.50E-05,3,1324.595959
110,0,1,1316.012493
110,8.397713,2,1316.012493
110,1172.887138,3,1316.012493
111,0,1,1314.815045
111,4.028824,2,1314.815045
111,8.40E-05,3,1314.815045
111,5.344408,4,1314.815045
112,0,1,1315.596167
112,4.844209,2,1315.596167
112,149.862004,3,1315.596167
112,22.217764,4,1315.596167
113,0,1,1604.249517
113,4.215279,2,1604.249517
113,6.90E-05,3,1604.249517
114,0,1,1319.18093
114,7.764772,2,1319.18093
114,1175.745649,3,1319.18093
115,0,1,1315.261267
115,11.075776,2,1315.261267
115,762.825927,3,1315.261267
116,0,1,1347.602653
116,13.440131,2,1347.602653
116,5.50E-05,3,1347.602653
117,0,1,1322.833585
117,9.522101,2,1322.833585
117,7.30E-05,3,1322.833585
118,0,1,1315.455503
118,12.009488,2,1315.455503
118,1182.585114,3,1315.455503
119,0,1,1339.528157
119,9.676909,2,1339.528157
119,5.70E-05,3,1339.528157
120,0,1,1317.027794
120,6.254815,2,1317.027794
120,291.516962,3,1317.027794
120,21.319073,4,1317.027794
121,0,1,1359.173043
121,6.152396,2,1359.173043
121,5.20E-05,3,1359.173043
122,11.794228,0,1321.582155
122,0,1,1321.582155
122,6.674217,2,1321.582155
122,860.255731,3,1321.582155
123,0,1,1335.667353
123,9.957971,2,1335.667353
123,12.289369,3,1335.667353
124,0,1,1322.614917
124,3.833944,2,1322.614917
124,363.916517,3,1322.614917
125,0,1,1315.984398
125,9.467723,2,1315.984398
125,1165.909008,3,1315.984398
126,0,1,1322.277041
126,7.406607,2,1322.277041
126,5.70E-05,3,1322.277041
127,0,1,1315.916841
127,6.89538,2,1315.916841
127,7.00E-05,3,1315.916841
127,11.778381,4,1315.916841
128,0,1,1316.585004
128,9.099975,2,1316.585004
128,1162.839577,3,1316.585004
129,0,1,1315.241586
129,7.19149,2,1315.241586
129,8.40E-05,3,1315.241586
129,3.217296,4,1315.241586
130,0,1,1316.288719
130,9.214471,2,1316.288719
130,1164.64121,3,1316.288719
131,0,1,1315.828691
131,9.226174,2,1315.828691
131,121.040392,3,1315.828691
132,0,1,1380.980526
132,13.957788,2,1380.980526
132,4.70E-05,3,1380.980526
133,0,1,1305.033228
133,13.946048,2,1305.033228
133,9.10E-05,3,1305.033228
133,13.676866,4,1305.033228
134,0,1,1337.952442
134,2.88475,2,1337.952442
134,5.20E-05,3,1337.952442
135,0,1,1210.414661
135,5.432078,2,1210.414661
135,0.000529,3,1210.414661
135,12.694821,4,1210.414661
136,0,1,1315.819526
136,4.454372,2,1315.819526
136,6.60E-05,3,1315.819526
136,6.867978,4,1315.819526
137,0,1,1318.895447
137,9.588453,2,1318.895447
137,1166.708264,3,1318.895447
138,0,1,1318.131572
138,9.230965,2,1318.131572
138,221.953427,3,1318.131572
139,0,1,1328.924794
140,0,1,1321.36921
140,7.277493,2,1321.36921
140,1067.600936,3,1321.36921
141,0,1,1317.248419
141,6.979136,2,1317.248419
141,1178.222322,3,1317.248419
142,0,1,1315.891405
142,8.935173,2,1315.891405
142,1186.273307,3,1315.891405
143,0,1,1314.926556
143,4.447127,2,1314.926556
143,7.00E-05,3,1314.926556
143,6.28893,4,1314.926556
144,0,1,1315.658823
144,10.885473,2,1315.658823
144,62.416023,3,1315.658823
145,0,1,1319.28524
145,4.842254,2,1319.28524
145,1170.247067,3,1319.28524
146,0,1,1314.689766
146,13.538894,2,1314.689766
146,1183.72983,3,1314.689766
147,0,1,1316.666613
147,8.799405,2,1316.666613
147,646.998642,3,1316.666613
148,0,1,1317.562504
148,10.427671,2,1317.562504
148,1187.599441,3,1317.562504
149,0,1,1428.86684
149,8.102583,2,1428.86684
149,4.80E-05,3,1428.86684
150,0,1,1314.74467
150,6.353461,2,1314.74467
150,6.90E-05,3,1314.74467
150,6.294876,4,1314.74467
151,0,1,1317.014751
151,2.875233,2,1317.014751
151,5.090457,3,1317.014751
151,4.268789,4,1317.014751
152,0,1,1326.972374
152,11.360239,2,1326.972374
152,3.90E-05,3,1326.972374
153,0,1,1319.231223
153,8.716741,2,1319.231223
153,1151.723758,3,1319.231223
154,0,1,1314.944536
154,10.13701,2,1314.944536
154,1184.355765,3,1314.944536
155,0,1,1326.007708
155,9.701752,2,1326.007708
155,5.00E-05,3,1326.007708
156,0,1,1258.54795
156,23.369354,2,1258.54795
156,0.000105,3,1258.54795
157,0,1,1295.997957
157,7.151947,2,1295.997957
157,6.20E-05,3,1295.997957
157,15.1398,4,1295.997957
158,0,1,1314.509851
158,11.21749,2,1314.509851
158,1186.05129,3,1314.509851
159,0,1,1333.468925
159,10.257169,2,1333.468925
159,4.40E-05,3,1333.468925
160,0,1,1326.087453
160,10.466553,2,1326.087453
160,4.80E-05,3,1326.087453
161,0,1,1314.787674
161,8.792186,2,1314.787674
161,1137.233529,3,1314.787674
162,0,1,1321.02589
162,6.110068,2,1321.02589
162,13.072272,3,1321.02589
163,0.041921,1,1314.577707
163,9.852919,2,1314.577707
163,841.968031,3,1314.577707
163,2.040822,4,1314.577707
164,0.236955,1,1315.375829
164,5.214311,2,1315.375829
164,0.000151,3,1315.375829
164,9.038517,4,1315.375829
165,0.337738,1,1375.098239
165,14.77251,2,1375.098239
165,0.040107,3,1375.098239
166,0.501862,1,1316.35486
166,7.976819,2,1316.35486
166,1178.245595,3,1316.35486
166,9.163461,4,1316.35486
167,0.646993,1,1307.719138
167,6.663098,2,1307.719138
167,64.050982,3,1307.719138
167,32.57909,4,1307.719138
168,0.744628,1,1328.838985
168,7.4439,2,1328.838985
168,0.000108,3,1328.838985
169,0.84794,1,1315.318317
169,9.058012,2,1315.318317
169,281.352251,3,1315.318317
169,1.670538,4,1315.318317
170,0.965339,1,1315.868169
170,9.362329,2,1315.868169
170,1180.44941,3,1315.868169
171,1.24461,1,1322.567899
171,10.600104,2,1322.567899
171,1143.714819,3,1322.567899
172,1.294941,1,1316.302268
172,4.804819,2,1316.302268
172,0.000144,3,1316.302268
172,15.135859,4,1316.302268
173,1.439634,1,1315.369454
173,6.784206,2,1315.369454
173,6.441709,3,1315.369454
173,8.528921,4,1315.369454
174,1.485596,1,1316.417237
174,5.475601,2,1316.417237
174,0.000153,3,1316.417237
174,5.825077,4,1316.417237
175,1.539874,1,1314.589146
175,4.897472,2,1314.589146
175,135.063262,3,1314.589146
175,10.172692,4,1314.589146
176,1.552596,1,1209.783441
176,11.448787,2,1209.783441
176,491.239087,3,1209.783441
176,5.62025,4,1209.783441
177,1.64455,1,1343.046741
177,10.99416,2,1343.046741
177,26.687069,3,1343.046741
178,1.931954,1,1316.32905
178,5.539024,2,1316.32905
178,60.759551,3,1316.32905
178,0.866716,4,1316.32905
179,2.033664,1,1315.761866
179,5.923156,2,1315.761866
179,8.701102,3,1315.761866
179,48.202613,4,1315.761866
180,2.239292,1,1365.319197
180,319.022354,2,1365.319197
180,4.200665,3,1365.319197
181,2.499984,1,1316.699026
181,4.957277,2,1316.699026
181,1147.220889,3,1316.699026
181,0.235813,4,1316.699026
182,2.635067,1,1314.27253
182,9.622649,2,1314.27253
182,669.835119,3,1314.27253
182,44.980596,4,1314.27253
183,2.894368,1,1334.235079
183,9.672254,2,1334.235079
183,85.468232,3,1334.235079
184,2.970633,1,1209.195274
184,0.855204,2,1209.195274
184,0.00069,3,1209.195274
184,4.948177,4,1209.195274
185,3.019911,1,1316.196932
185,5.802735,2,1316.196932
185,1153.365446,3,1316.196932
186,7.250105,0,1429.525181
186,3.128149,1,1429.525181
187,3.258009,1,1315.291436
187,5.105316,2,1315.291436
187,981.881375,3,1315.291436
187,0.783434,4,1315.291436
188,3.302858,1,1316.0068
188,5.054413,2,1316.0068
188,1014.304738,3,1316.0068
189,3.653992,1,1315.440475
189,3.864347,2,1315.440475
189,40.324935,3,1315.440475
189,17.006984,4,1315.440475
190,3.813918,1,1336.03674
190,12.96088,2,1336.03674
190,228.606128,3,1336.03674
191,3.916037,1,1315.664859
191,8.038928,2,1315.664859
191,1157.193193,3,1315.664859
192,3.947157,1,1264.659624
192,6.434648,2,1264.659624
192,9.50E-05,3,1264.659624
192,4.838027,4,1264.659624
193,4.029781,1,1316.855434
193,7.179147,2,1316.855434
193,1152.390782,3,1316.855434
194,4.142007,1,1319.065791
194,15.22262,2,1319.065791
194,1151.017341,3,1319.065791
195,4.238742,1,1322.497941
195,7.536743,2,1322.497941
195,33.112021,3,1322.497941
196,4.435928,1,1314.296688
196,2.186229,2,1314.296688
196,6.50E-05,3,1314.296688
196,5.701319,4,1314.296688
197,0.30433,0,1314.938468
197,4.482375,1,1314.938468
197,8.601878,2,1314.938468
197,1176.789523,3,1314.938468
197,7.517328,4,1314.938468
198,4.555754,1,1316.086083
198,1.490423,2,1316.086083
198,7.00E-05,3,1316.086083
198,9.387047,4,1316.086083
199,4.642168,1,1316.061995
199,16.315798,2,1316.061995
199,96.296866,3,1316.061995
200,4.67264,1,1341.61672
200,4.380037,2,1341.61672
200,5.70E-05,3,1341.61672
201,4.748786,1,1314.331054
201,1.225867,2,1314.331054
201,6.30E-05,3,1314.331054
201,4.7525,4,1314.331054
202,4.866506,1,1315.283672
202,0.897886,2,1315.283672
202,6.577234,3,1315.283672
202,2.806538,4,1315.283672
203,4.930459,1,1314.702917
203,11.418437,2,1314.702917
203,1102.74488,3,1314.702917
204,4.956214,1,1350.735181
204,13.110155,2,1350.735181
204,4.10E-05,3,1350.735181
205,5.021701,1,1392.929723
205,4.149645,2,1392.929723
205,1.211045,3,1392.929723
206,5.031134,1,1317.005592
206,3.397096,2,1317.005592
206,1106.910986,3,1317.005592
207,5.262459,1,1315.263576
207,7.144533,2,1315.263576
207,1165.223605,3,1315.263576
208,5.320411,1,1314.422553
208,4.962215,2,1314.422553
208,1159.541205,3,1314.422553
208,11.541623,4,1314.422553
209,5.350348,1,1314.845685
209,7.764094,2,1314.845685
209,1180.017043,3,1314.845685
210,5.359059,1,1328.311359
210,6.949595,2,1328.311359
210,12.416666,3,1328.311359
211,5.430961,1,1383.77278
212,5.488442,1,1322.819265
212,1.11952,2,1322.819265
212,1165.400055,3,1322.819265
213,5.536123,1,1318.336612
213,2.789181,2,1318.336612
213,756.114851,3,1318.336612
214,5.553431,1,1336.237163
214,9.123303,2,1336.237163
214,2.10E-05,3,1336.237163
215,5.599787,1,1322.786258
215,1.132274,2,1322.786258
215,5.50E-05,3,1322.786258
216,5.635202,1,1314.655397
216,2.872306,2,1314.655397
216,24.022744,3,1314.655397
216,8.530182,4,1314.655397
217,5.766405,1,1372.633785
217,2.495661,2,1372.633785
217,5.20E-05,3,1372.633785
218,5.800559,1,1315.916022
218,1.716051,2,1315.916022
218,295.043864,3,1315.916022
218,18.673206,4,1315.916022
219,5.814081,1,1319.030161
219,1.927489,2,1319.030161
219,814.435133,3,1319.030161
220,5.836664,1,1318.72561
220,7.904171,2,1318.72561
220,1150.89945,3,1318.72561
221,5.888832,1,1318.740672
221,1.300333,2,1318.740672
221,1151.800663,3,1318.740672
222,5.95745,1,1324.935469
222,3.263017,2,1324.935469
222,5.50E-05,3,1324.935469
223,6.005059,1,1315.414229
223,7.295898,2,1315.414229
223,6.532713,3,1315.414229
223,1.76128,4,1315.414229
224,6.031314,1,1211.134664
224,1.191017,2,1211.134664
224,0.00059,3,1211.134664
224,9.716565,4,1211.134664
225,6.080332,1,1320.033592
225,1.297792,2,1320.033592
225,491.218754,3,1320.033592
226,6.09564,1,1319.625237
226,9.991539,2,1319.625237
226,1171.731887,3,1319.625237
227,6.120086,1,1322.426506
227,1.860797,2,1322.426506
227,6.50E-05,3,1322.426506
228,6.208795,1,1339.188273
228,1.927413,2,1339.188273
228,5.20E-05,3,1339.188273
229,6.226835,1,1315.149633
229,1.74699,2,1315.149633
229,23.254447,3,1315.149633
229,7.447949,4,1315.149633
230,6.272455,1,1314.017543
230,1.024591,2,1314.017543
230,6.70E-05,3,1314.017543
230,11.933152,4,1314.017543
231,6.362172,1,1322.408454
231,7.461715,2,1322.408454
231,45.656436,3,1322.408454
232,6.3704,1,1315.089806
232,18.982232,2,1315.089806
232,0.037344,3,1315.089806
233,6.487422,1,1314.984261
233,1.284308,2,1314.984261
233,7.70E-05,3,1314.984261
233,7.347453,4,1314.984261
234,6.544504,1,1321.112123
234,4.542434,2,1321.112123
234,1182.776194,3,1321.112123
235,6.610013,1,1315.537853
235,2.543511,2,1315.537853
235,1183.83273,3,1315.537853
236,6.717398,1,1317.885579
236,1.412819,2,1317.885579
236,1188.801698,3,1317.885579
237,6.740391,1,1317.667942
237,5.355485,2,1317.667942
237,4.50E-05,3,1317.667942
238,6.812266,1,1315.291694
238,1.159154,2,1315.291694
238,297.295165,3,1315.291694
238,48.668526,4,1315.291694
239,6.839581,1,1318.953819
239,2.198685,2,1318.953819
239,1161.978481,3,1318.953819
240,6.854528,1,1323.849421
240,2.764702,2,1323.849421
240,6.70E-05,3,1323.849421
241,10.9499,0,1317.138093
241,6.883389,1,1317.138093
241,5.365389,2,1317.138093
241,0.000127,3,1317.138093
241,4.958312,4,1317.138093
242,6.898535,1,1316.664168
242,1.615863,2,1316.664168
242,1186.585764,3,1316.664168
243,6.998687,1,1360.030282
243,6.291835,2,1360.030282
243,3.80E-05,3,1360.030282
244,7.053471,1,1410.647682
244,1.848726,2,1410.647682
244,108.878132,3,1410.647682
245,7.069457,1,1396.645604
245,0.801635,2,1396.645604
245,6.50E-05,3,1396.645604
246,7.189779,1,1316.306519
246,4.894285,2,1316.306519
246,629.898425,3,1316.306519
247,7.294582,1,1447.810507
247,1.442387,2,1447.810507
247,6.70E-05,3,1447.810507
248,7.332035,1,1511.640879
248,2.169567,2,1511.640879
248,6.10E-05,3,1511.640879
249,7.420465,1,1318.622215
249,1.404046,2,1318.622215
249,42.605084,3,1318.622215
250,7.985239,0,1325.653026
250,7.457771,1,1325.653026
250,3.173828,2,1325.653026
250,131.37063,3,1325.653026
251,7.68234,1,1351.986168
251,11.645034,2,1351.986168
251,4.40E-05,3,1351.986168
252,7.861349,1,1318.087621
252,17.957958,2,1318.087621
252,1171.538077,3,1318.087621
253,7.98313,1,1315.832134
253,1.874279,2,1315.832134
253,8.174845,3,1315.832134
254,8.029477,1,1318.801177
254,9.617037,2,1318.801177
254,1175.030284,3,1318.801177
255,8.147132,1,1314.611139
255,1.585065,2,1314.611139
255,893.546362,3,1314.611139
256,71.376961,0,1315.969079
256,8.180212,1,1315.969079
256,3.872923,2,1315.969079
256,317.943306,3,1315.969079
256,3.389489,4,1315.969079
257,8.424468,1,1370.736929
257,5.256457,2,1370.736929
257,6.00E-05,3,1370.736929
258,8.486998,1,1325.883936
258,9.736819,2,1325.883936
258,6.30E-05,3,1325.883936
259,8.599906,1,1270.233498
259,3.590966,2,1270.233498
259,9.10E-05,3,1270.233498
259,22.930381,4,1270.233498
260,8.691916,1,1408.81762
260,6.430486,2,1408.81762
260,5.80E-05,3,1408.81762
261,8.829409,1,1317.30933
261,1.375684,2,1317.30933
261,1126.759042,3,1317.30933
262,8.906416,1,1418.204732
262,10.389446,2,1418.204732
262,1062.449427,3,1418.204732
263,2.264674,0,1325.396853
263,8.992312,1,1325.396853
263,5.535206,2,1325.396853
263,39.697812,3,1325.396853
264,9.108955,1,1363.282522
264,2.848777,2,1363.282522
264,16.111388,3,1363.282522
265,9.325451,1,1399.003228
265,17.312579,2,1399.003228
265,50.298178,3,1399.003228
266,9.410946,1,1326.293933
266,4.99052,2,1326.293933
266,17.903127,3,1326.293933
267,9.437099,1,1320.175095
267,6.746694,2,1320.175095
267,351.800369,3,1320.175095
268,9.463011,1,1335.2537
268,2.687564,2,1335.2537
268,40.565712,3,1335.2537
269,9.570746,1,1302.066651
269,8.91926,2,1302.066651
269,8.10E-05,3,1302.066651
269,7.109162,4,1302.066651
270,9.683983,1,1348.02835
270,3.961599,2,1348.02835
270,5.40E-05,3,1348.02835
271,9.835018,1,1317.020203
271,8.259247,2,1317.020203
271,433.468296,3,1317.020203
272,9.900678,1,1335.091079
272,1.908562,2,1335.091079
272,28.541652,3,1335.091079
273,10.006778,1,1320.003847
273,0.995329,2,1320.003847
273,1123.590514,3,1320.003847
274,10.457033,1,1317.00394
274,5.014034,2,1317.00394
274,9.70E-05,3,1317.00394
275,10.62212,1,1372.463938
275,1.250988,2,1372.463938
275,5.10E-05,3,1372.463938
276,10.750238,1,1315.600307
276,7.692958,2,1315.600307
276,0.000221,3,1315.600307
276,12.962799,4,1315.600307
277,10.882115,1,1352.588934
277,8.517899,2,1352.588934
277,8.20E-05,3,1352.588934
278,11.087291,1,1261.062252
278,4.39926,2,1261.062252
278,0.000108,3,1261.062252
278,18.494207,4,1261.062252
279,11.11823,1,1335.449773
279,1.319593,2,1335.449773
279,21.706204,3,1335.449773
280,11.181557,1,1315.005995
280,2.763779,2,1315.005995
280,925.025476,3,1315.005995
281,11.28497,1,1316.37885
281,6.392807,2,1316.37885
281,46.430387,3,1316.37885
282,11.352606,1,1374.330996
282,1.817794,3,1374.330996
283,11.374613,1,1316.522091
283,6.440199,2,1316.522091
283,0.000135,3,1316.522091
283,12.537719,4,1316.522091
284,11.529537,1,1258.302664
284,1.209657,2,1258.302664
284,0.254992,3,1258.302664
284,24.556402,4,1258.302664
285,11.783348,1,1394.338057
285,8.198125,2,1394.338057
285,0.000104,3,1394.338057
286,11.844466,1,1392.517838
286,3.159599,2,1392.517838
286,5.30E-05,3,1392.517838
287,11.913736,1,1318.558413
287,2.293876,2,1318.558413
287,1181.68625,3,1318.558413
288,12.030657,1,1327.25826
288,8.142089,2,1327.25826
288,5.30E-05,3,1327.25826
289,12.076358,1,1314.975967
289,5.906249,2,1314.975967
289,1158.735374,3,1314.975967
290,12.149346,1,1321.002428
290,4.75502,2,1321.002428
290,5.50E-05,3,1321.002428
291,12.279527,1,1320.321667
291,12.444382,2,1320.321667
291,2.075952,3,1320.321667
292,12.406479,1,1410.893808
292,4.985861,2,1410.893808
292,5.50E-05,3,1410.893808
293,12.513082,1,1319.813715
293,1.890937,2,1319.813715
293,1171.528879,3,1319.813715
294,12.469349,0,1319.210394
294,12.601897,1,1319.210394
294,12.834183,2,1319.210394
294,1135.866446,3,1319.210394
295,12.628347,1,1326.798918
295,7.178467,2,1326.798918
295,5.293206,3,1326.798918
296,12.74258,1,1315.80529
296,2.473438,2,1315.80529
296,1171.328762,3,1315.80529
296,5.634927,4,1315.80529
297,12.812692,1,1315.744008
297,6.604874,2,1315.744008
297,18.124496,3,1315.744008
298,12.951062,1,1318.579176
298,1.655245,2,1318.579176
298,233.822811,3,1318.579176
299,13.119143,1,1320.662321
299,16.21087,2,1320.662321
299,111.021959,3,1320.662321
300,13.473881,1,1335.593349
300,5.923095,2,1335.593349
300,5.40E-05,3,1335.593349
301,13.666649,1,1316.280574
301,15.767487,2,1316.280574
301,38.132507,3,1316.280574
302,14.047827,1,1316.161335
302,8.072373,2,1316.161335
302,1139.688514,3,1316.161335
303,14.328458,1,1394.023004
303,8.208823,2,1394.023004
303,5.30E-05,3,1394.023004
304,14.331655,1,1392.591078
304,8.06982,2,1392.591078
304,21.995463,3,1392.591078
305,14.405581,1,1337.713576
305,4.58453,2,1337.713576
305,18.556679,3,1337.713576
306,14.49688,1,1324.038302
306,2.97944,2,1324.038302
306,21.523278,3,1324.038302
307,14.771479,1,1338.494225
307,8.197445,2,1338.494225
307,3.10E-05,3,1338.494225
308,14.958133,1,1320.574052
308,11.261166,2,1320.574052
308,33.035894,3,1320.574052
309,15.235126,1,1339.427882
309,1.889437,2,1339.427882
309,98.033722,3,1339.427882
310,15.312057,1,1209.378907
310,10.517624,2,1209.378907
310,114.871994,3,1209.378907
310,11.232981,4,1209.378907
311,0.173563,0,1334.88003
311,15.42333,1,1334.88003
311,14.882383,2,1334.88003
311,0.000176,3,1334.88003
312,15.555608,1,1316.110663
312,6.104647,2,1316.110663
312,297.290841,3,1316.110663
312,18.311368,4,1316.110663
313,15.832941,1,1318.282709
313,11.982271,2,1318.282709
313,388.984363,3,1318.282709
314,16.056161,1,1317.581197
314,2.610922,2,1317.581197
314,1145.693542,3,1317.581197
315,16.19927,1,1315.680398
315,0.872049,2,1315.680398
315,953.997069,3,1315.680398
316,16.35113,1,1324.809155
316,7.408605,2,1324.809155
316,5.00E-05,3,1324.809155
317,16.618922,1,1326.475343
317,7.641381,2,1326.475343
317,5.70E-05,3,1326.475343
318,16.718604,1,1341.822709
318,5.43017,2,1341.822709
318,14.680019,3,1341.822709
319,16.812705,1,1309.098694
319,1.220716,2,1309.098694
319,1187.50131,3,1309.098694
320,16.877635,1,1314.898471
320,8.027837,2,1314.898471
320,0.00012,3,1314.898471
321,17.330098,1,1315.347343
321,8.604725,2,1315.347343
321,1107.76234,3,1315.347343
322,17.530508,1,1312.843093
322,1.639555,2,1312.843093
322,1167.576539,3,1312.843093
323,17.890105,1,1397.035142
323,4.880674,2,1397.035142
323,1.519078,3,1397.035142
324,17.963095,1,1326.495667
324,9.257629,2,1326.495667
324,2.195986,3,1326.495667
325,18.207224,1,1245.612574
325,7.131149,2,1245.612574
325,0.000162,3,1245.612574
325,68.487089,4,1245.612574
326,18.31717,1,1421.209606
326,2.533744,2,1421.209606
326,5.80E-05,3,1421.209606
327,18.772799,1,1313.676068
327,4.542116,2,1313.676068
327,1165.378163,3,1313.676068
327,4.436963,4,1313.676068
328,19.011154,1,1317.033994
328,3.350433,2,1317.033994
328,1168.016946,3,1317.033994
329,19.246587,1,1392.604437
329,10.549864,2,1392.604437
329,6.706289,3,1392.604437
330,19.591314,1,1319.834365
330,15.358621,2,1319.834365
330,1159.954188,3,1319.834365
331,19.840059,1,1315.505173
331,17.983499,2,1315.505173
331,857.542994,3,1315.505173
332,20.306589,1,1315.432496
332,6.824432,2,1315.432496
332,0.000119,3,1315.432496
332,5.188017,4,1315.432496
333,20.462375,1,1316.044762
333,6.659176,2,1316.044762
333,49.519417,3,1316.044762
334,20.546823,1,1389.485086
334,6.899943,2,1389.485086
334,0.000219,3,1389.485086
335,21.257957,1,1316.508837
335,21.34214,2,1316.508837
335,13.246303,3,1316.508837
336,21.302771,1,1365.079618
336,1.087133,3,1365.079618
337,21.342394,1,1326.907998
337,12.663597,2,1326.907998
337,3.948557,3,1326.907998
338,21.460149,1,1321.67608
338,2.163507,2,1321.67608
338,54.533345,3,1321.67608
339,21.653645,1,1316.072173
339,4.427224,2,1316.072173
339,6.889687,3,1316.072173
339,6.166089,4,1316.072173
340,8.757187,0,1317.418492
340,21.993342,1,1317.418492
340,4.618133,2,1317.418492
340,742.685344,3,1317.418492
341,22.639512,1,1315.356031
341,3.552033,2,1315.356031
341,1146.332429,3,1315.356031
342,22.917153,1,1317.261384
342,2.30006,2,1317.261384
342,982.835701,3,1317.261384
343,23.11196,1,1315.482768
343,4.762559,2,1315.482768
343,24.230061,3,1315.482768
344,23.495834,1,1395.801362
344,2.885703,2,1395.801362
344,1.30616,3,1395.801362
345,24.400079,1,1533.074594
345,2.217639,2,1533.074594
345,12.90492,3,1533.074594
346,24.532409,1,1315.050434
346,3.6157,2,1315.050434
346,0.000121,3,1315.050434
346,3.387069,4,1315.050434
347,25.103384,1,1315.131218
347,6.297328,2,1315.131218
347,1.522533,3,1315.131218
347,7.346372,4,1315.131218
348,25.546021,1,1391.417532
348,4.423662,2,1391.417532
348,5.198353,3,1391.417532
349,25.904584,1,1317.706769
349,6.939173,2,1317.706769
349,26.034026,3,1317.706769
350,26.637103,1,1477.587937
350,2.128228,2,1477.587937
350,951.666563,3,1477.587937
351,26.755714,1,1316.624159
351,6.492357,2,1316.624159
351,1144.773257,3,1316.624159
352,27.110349,1,1317.404841
352,15.246376,2,1317.404841
352,14.923816,3,1317.404841
353,27.326742,1,1331.137733
353,1.532474,2,1331.137733
353,79.967019,3,1331.137733
354,27.896148,1,1395.912794
354,6.561909,2,1395.912794
354,6.30E-05,3,1395.912794
355,28.241285,1,1315.113697
355,4.057853,2,1315.113697
355,1.526475,3,1315.113697
355,7.675713,4,1315.113697
356,28.712647,1,1317.846496
356,4.043625,2,1317.846496
356,2.626065,3,1317.846496
357,29.266461,1,1342.643443
357,7.184191,2,1342.643443
357,5.40E-05,3,1342.643443
358,29.450567,1,1322.683916
358,4.041019,2,1322.683916
358,14.467955,3,1322.683916
359,29.537721,1,1316.948177
359,9.639908,2,1316.948177
359,1069.949599,3,1316.948177
360,29.843132,1,1324.625239
360,3.5962,2,1324.625239
360,15.390634,3,1324.625239
361,30.524875,1,1394.171975
361,10.610397,2,1394.171975
361,7.90E-05,3,1394.171975
362,30.75855,1,1338.030066
362,4.175518,2,1338.030066
362,72.863476,3,1338.030066
363,31.444844,1,1312.700536
363,1.258986,2,1312.700536
363,612.251556,3,1312.700536
363,25.150941,4,1312.700536
364,31.780068,1,1321.795647
364,8.703877,2,1321.795647
364,1141.605319,3,1321.795647
365,32.189447,1,1210.699337
365,4.210292,2,1210.699337
365,206.22863,3,1210.699337
365,24.791993,4,1210.699337
366,32.416442,1,1321.365014
366,5.358269,2,1321.365014
366,0.00013,3,1321.365014
367,32.589048,1,1323.398089
367,3.288355,2,1323.398089
367,15.919092,3,1323.398089
368,32.899675,1,1319.644939
368,9.832742,2,1319.644939
368,2.349327,3,1319.644939
369,33.995063,1,1322.780467
369,5.256695,2,1322.780467
369,971.083628,3,1322.780467
370,34.2718,1,1214.500404
370,7.347009,2,1214.500404
370,2.451824,3,1214.500404
370,22.131969,4,1214.500404
371,34.655235,1,1319.677834
371,10.848584,2,1319.677834
371,3.839438,3,1319.677834
372,35.379899,1,1317.781288
372,9.015879,2,1317.781288
372,1146.846109,3,1317.781288
373,35.448463,1,1413.494273
373,3.848191,2,1413.494273
373,3.638867,3,1413.494273
374,35.540276,1,1321.977793
374,5.230415,2,1321.977793
374,4.82737,3,1321.977793
375,35.810941,1,1315.816629
375,12.680401,2,1315.816629
375,833.497865,3,1315.816629
376,36.417612,1,1322.573508
376,8.270889,2,1322.573508
376,310.881779,3,1322.573508
377,36.828854,1,1323.336402
377,3.930143,2,1323.336402
377,1149.269906,3,1323.336402
378,37.309836,1,1323.461922
378,33.457576,2,1323.461922
378,7.80E-05,3,1323.461922
379,37.356291,1,1324.138676
379,7.523925,2,1324.138676
379,79.366732,3,1324.138676
380,37.469771,1,1313.375655
380,14.933089,2,1313.375655
380,1134.179877,3,1313.375655
381,276.105643,0,1339.059477
381,37.751237,1,1339.059477
381,1.857423,2,1339.059477
381,21.643604,3,1339.059477
382,38.605717,1,1319.659237
382,3.395997,2,1319.659237
382,33.997881,3,1319.659237
383,40.225377,1,1327.812698
383,21.802868,2,1327.812698
383,1119.223192,3,1327.812698
384,40.66621,1,1398.744366
384,5.400076,2,1398.744366
384,1038.239606,3,1398.744366
385,41.026276,1,1314.749907
385,15.319523,2,1314.749907
385,1097.647656,3,1314.749907
386,41.764924,1,1334.652791
386,7.450324,2,1334.652791
386,12.49336,3,1334.652791
387,42.442401,1,1316.674295
387,9.658633,2,1316.674295
387,1134.145413,3,1316.674295
388,42.613257,1,1319.117647
388,10.529364,2,1319.117647
388,2.165268,3,1319.117647
389,43.482169,1,1318.937656
389,16.055831,2,1318.937656
389,1106.162012,3,1318.937656
390,44.072715,1,1217.404816
390,8.23718,2,1217.404816
390,4.457226,3,1217.404816
390,51.577318,4,1217.404816
391,44.810628,1,1473.280526
391,28.573741,2,1473.280526
391,948.865286,3,1473.280526
392,45.934268,1,1319.331545
392,8.570365,2,1319.331545
392,1138.179152,3,1319.331545
393,46.790107,1,1329.205668
393,7.242841,2,1329.205668
393,98.838912,3,1329.205668
394,47.213409,1,1322.434919
394,6.810182,2,1322.434919
394,5.70E-05,3,1322.434919
395,47.562141,1,1315.283671
395,4.303142,2,1315.283671
395,294.580937,3,1315.283671
396,47.756435,1,1359.444184
396,7.722403,2,1359.444184
396,21.902128,3,1359.444184
397,48.548037,1,1391.820833
397,12.07098,2,1391.820833
397,1.768116,3,1391.820833
398,48.604384,1,1329.77073
398,11.897168,2,1329.77073
398,1.764968,3,1329.77073
399,48.691217,1,1327.209971
399,1.96649,2,1327.209971
399,1.807428,3,1327.209971
400,48.88996,1,1327.272332
400,10.370049,2,1327.272332
400,2.46013,3,1327.272332
401,49.518772,1,1321.090196
401,6.269815,2,1321.090196
401,40.873021,3,1321.090196
402,49.87366,1,1317.115043
402,5.210551,2,1317.115043
402,47.50267,3,1317.115043
402,8.195503,4,1317.115043
403,20.875021,0,1332.66122
403,50.244525,1,1332.66122
403,12.619677,2,1332.66122
403,527.316749,3,1332.66122
404,52.53572,1,1325.25748
404,11.901402,2,1325.25748
404,29.08619,3,1325.25748
405,52.638092,1,1406.115092
405,12.216211,2,1406.115092
405,3.189168,3,1406.115092
406,52.898348,1,1315.10088
406,16.508057,2,1315.10088
406,310.628244,3,1315.10088
407,53.442179,1,1307.80969
407,14.29057,2,1307.80969
407,1137.012438,3,1307.80969
408,54.199981,1,1328.100772
408,7.005135,2,1328.100772
408,88.100814,3,1328.100772
409,54.370833,1,1340.846017
409,14.005437,2,1340.846017
409,8.996181,3,1340.846017
410,54.498906,1,1320.800835
410,10.69252,2,1320.800835
410,70.016611,3,1320.800835
411,54.691593,1,1321.615057
411,4.954667,2,1321.615057
411,165.355967,3,1321.615057
412,55.396752,1,1317.68032
412,5.461419,2,1317.68032
412,4.291566,3,1317.68032
412,4.296607,4,1317.68032
413,56.147709,1,1325.453993
413,10.451686,2,1325.453993
413,1087.255571,3,1325.453993
414,57.331484,1,1313.174629
414,12.12092,2,1313.174629
414,1058.833842,3,1313.174629
414,6.553345,4,1313.174629
415,57.703277,1,1316.272081
415,7.055019,2,1316.272081
415,0.000134,3,1316.272081
415,10.515149,4,1316.272081
416,59.834735,1,1334.856922
416,9.985228,2,1334.856922
416,3.241478,3,1334.856922
417,60.358207,1,1316.181503
417,16.362613,2,1316.181503
417,23.541727,3,1316.181503
418,61.616446,1,1315.388842
418,3.601872,2,1315.388842
418,1128.083654,3,1315.388842
418,5.938611,4,1315.388842
419,62.295706,1,1318.665156
419,4.91621,2,1318.665156
419,10.720629,3,1318.665156
420,63.43386,1,1324.947843
420,10.60405,2,1324.947843
420,0.000125,3,1324.947843
421,63.896016,1,1321.004117
421,7.005853,2,1321.004117
421,1118.618105,3,1321.004117
422,66.415415,1,1319.40303
422,13.986484,2,1319.40303
422,0.000125,3,1319.40303
423,66.670019,1,1318.858993
423,20.73079,2,1318.858993
423,52.942913,3,1318.858993
424,67.217372,1,1319.658128
424,4.689885,2,1319.658128
424,5.40E-05,3,1319.658128
425,8.175854,0,1316.327803
425,68.314958,1,1316.327803
425,11.915704,2,1316.327803
425,1093.675467,3,1316.327803
426,69.506006,1,1318.194963
426,5.37512,2,1318.194963
426,16.412398,3,1318.194963
427,69.714532,1,1314.452569
427,4.667011,2,1314.452569
427,1.299578,3,1314.452569
427,13.134283,4,1314.452569
428,71.694624,1,1333.619935
428,3.929666,2,1333.619935
428,5.273868,3,1333.619935
429,72.714813,1,1401.96898
429,28.237973,2,1401.96898
429,0.000208,3,1401.96898
430,73.184562,1,1314.327074
430,5.709178,2,1314.327074
430,0.000139,3,1314.327074
430,6.199615,4,1314.327074
431,73.558297,1,1392.760136
431,1.499529,2,1392.760136
431,2.484441,3,1392.760136
432,74.676592,1,1403.536077
432,12.042868,2,1403.536077
432,1022.855086,3,1403.536077
433,74.811479,1,1318.1173
433,21.671669,2,1318.1173
433,338.232774,3,1318.1173
434,2.529751,0,1399.027061
434,75.638262,1,1399.027061
434,12.279703,2,1399.027061
434,1025.268361,3,1399.027061
435,77.047075,1,1256.694289
435,6.806727,2,1256.694289
435,2.890188,3,1256.694289
435,15.286721,4,1256.694289
436,78.9845,1,1336.371631
436,9.028558,2,1336.371631
436,3.515328,3,1336.371631
437,79.242009,1,1326.606367
437,6.616437,2,1326.606367
437,3.75081,3,1326.606367
438,80.10515,1,1685.888256
438,0,2,1685.888256
438,5.40E-05,3,1685.888256
439,82.595255,1,1224.774085
439,7.142209,2,1224.774085
439,0.000514,3,1224.774085
439,15.103328,4,1224.774085
440,83.33155,1,1314.391198
440,22.70202,2,1314.391198
440,9.80E-05,3,1314.391198
441,84.314411,1,1328.561926
441,4.633161,2,1328.561926
441,1.974371,3,1328.561926
442,84.489977,1,1328.6479
442,6.236436,2,1328.6479
442,0.000142,3,1328.6479
443,86.609113,1,1321.746114
443,8.391202,2,1321.746114
443,1093.397093,3,1321.746114
444,87.044262,1,1316.266524
444,15.536337,2,1316.266524
444,30.579668,3,1316.266524
445,87.971693,1,1313.996493
445,3.816644,2,1313.996493
445,2.507111,3,1313.996493
445,15.170119,4,1313.996493
446,88.919153,1,1210.451736
446,6.802707,2,1210.451736
446,16.300691,3,1210.451736
446,19.61985,4,1210.451736
447,36.372515,0,1394.338693
447,89.304096,1,1394.338693
447,8.764041,2,1394.338693
447,429.282432,3,1394.338693
448,89.757335,1,1327.951266
448,14.443545,2,1327.951266
448,1.456923,3,1327.951266
449,90.320371,1,1315.74464
449,0.886104,2,1315.74464
449,7.00E-05,3,1315.74464
449,9.309691,4,1315.74464
450,91.955322,1,1314.416876
450,5.833119,2,1314.416876
450,0.95948,3,1314.416876
451,93.787269,1,1324.338362
451,19.195664,2,1324.338362
451,8.506309,3,1324.338362
452,95.046138,1,1323.276801
452,6.851417,2,1323.276801
452,358.676102,3,1323.276801
453,97.372097,1,1323.214804
453,12.553955,2,1323.214804
453,1.897767,3,1323.214804
454,98.819715,1,1315.469506
454,9.916284,2,1315.469506
454,86.564972,3,1315.469506
455,99.843326,1,1321.717807
455,7.053823,2,1321.717807
455,910.712461,3,1321.717807
456,101.887931,1,1315.184669
456,13.951328,2,1315.184669
456,0.000226,3,1315.184669
456,3.921198,4,1315.184669
457,3.924157,0,1347.431614
457,103.865249,1,1347.431614
457,4.948838,2,1347.431614
457,209.720343,3,1347.431614
458,20.941079,0,1257.884225
458,105.160118,1,1257.884225
458,7.007299,2,1257.884225
458,6.486101,3,1257.884225
458,18.267191,4,1257.884225
459,107.011733,1,1324.237823
459,8.89613,2,1324.237823
459,3.833056,3,1324.237823
460,109.155301,1,1213.450388
460,12.990234,2,1213.450388
460,0.000112,3,1213.450388
460,33.864221,4,1213.450388
461,111.209113,1,1319.680001
461,15.142981,2,1319.680001
461,184.482693,3,1319.680001
462,112.510928,1,1340.706254
462,14.374263,2,1340.706254
462,0.000134,3,1340.706254
463,114.844578,1,1315.387038
463,1.247397,2,1315.387038
463,5.416975,3,1315.387038
463,4.50058,4,1315.387038
464,117.345141,1,1314.040501
464,3.831518,2,1314.040501
464,35.652362,3,1314.040501
464,9.229855,4,1314.040501
465,118.134698,1,1318.589384
465,16.331076,2,1318.589384
465,188.490661,3,1318.589384
466,119.596577,1,1495.323004
466,10.859495,2,1495.323004
466,4.85551,3,1495.323004
467,120.822731,1,1409.950423
467,3.771199,2,1409.950423
467,5.80E-05,3,1409.950423
468,123.272957,1,1212.291811
468,3.552021,2,1212.291811
468,311.287012,3,1212.291811
468,193.693225,4,1212.291811
469,125.522479,1,1331.246498
469,4.672574,2,1331.246498
469,16.410624,3,1331.246498
470,15.741904,0,1317.885278
470,129.480716,1,1317.885278
470,23.553949,2,1317.885278
470,252.411645,3,1317.885278
471,130.677757,1,1321.777888
472,131.464699,1,1318.90731
472,27.894673,2,1318.90731
472,56.615651,3,1318.90731
473,132.192436,1,1332.299964
473,104.730532,2,1332.299964
473,5.276375,3,1332.299964
474,135.674449,1,1322.178717
474,14.358019,2,1322.178717
474,36.213849,3,1322.178717
475,137.175055,1,1331.829629
475,13.944317,2,1331.829629
475,29.120155,3,1331.829629
476,859.672981,0,463.272549
476,138.593169,1,463.272549
476,0.826413,2,463.272549
476,6.30E-05,3,463.272549
476,8.663075,4,463.272549
477,139.268203,1,1320.519798
477,5.620875,2,1320.519798
477,436.085901,3,1320.519798
478,141.575503,1,1316.333877
478,13.690736,2,1316.333877
478,157.722469,3,1316.333877
479,145.501204,1,1335.407756
479,19.663545,2,1335.407756
479,8.420098,3,1335.407756
480,148.90819,1,1315.176251
480,16.424845,2,1315.176251
480,40.574916,3,1315.176251
481,153.447629,1,1323.909503
481,2.105108,2,1323.909503
481,46.673914,3,1323.909503
482,158.458142,1,1330.096866
482,11.644832,2,1330.096866
482,29.685201,3,1330.096866
483,163.54685,1,1441.28312
483,6.767264,2,1441.28312
483,877.853551,3,1441.28312
484,217.997063,0,1081.776001
484,167.21092,1,1081.776001
484,7.90764,2,1081.776001
484,13.839763,3,1081.776001
484,7.926887,4,1081.776001
485,168.335761,1,1318.136424
485,3.312407,2,1318.136424
485,4.477524,3,1318.136424
485,8.365266,4,1318.136424
486,169.405739,1,1329.011416
486,7.062488,2,1329.011416
486,3.87549,3,1329.011416
487,171.498989,1,1427.134032
487,16.36224,2,1427.134032
487,700.765887,3,1427.134032
488,176.112148,1,1314.288202
488,3.157747,2,1314.288202
488,1.35013,3,1314.288202
488,6.585937,4,1314.288202
489,178.608746,1,1331.111096
489,11.610392,2,1331.111096
489,5.092377,3,1331.111096
490,179.975829,1,1457.757324
490,7.540947,2,1457.757324
490,2.608778,3,1457.757324
491,182.441492,1,1324.873718
491,7.708337,2,1324.873718
491,0.000127,3,1324.873718
492,56.53897,0,1351.20361
492,186.390812,1,1351.20361
492,15.331464,2,1351.20361
492,848.810039,3,1351.20361
493,191.819971,1,1258.282473
493,4.870268,2,1258.282473
493,0.000142,3,1258.282473
493,33.702479,4,1258.282473
494,194.258736,1,1320.710948
494,14.24222,2,1320.710948
494,961.308163,3,1320.710948
495,196.721851,1,1314.157848
495,8.905363,2,1314.157848
495,0.521705,3,1314.157848
495,8.079675,4,1314.157848
496,608.375837,0,1331.52829
496,199.98457,1,1331.52829
496,31.541171,2,1331.52829
496,342.206099,3,1331.52829
497,201.471081,1,1316.179401
497,3.743662,2,1316.179401
497,711.264645,3,1316.179401
498,203.637473,1,1314.256498
498,5.534341,2,1314.256498
498,0.000157,3,1314.256498
498,8.500141,4,1314.256498
499,209.542459,1,1317.087534
499,2.70367,2,1317.087534
499,6.41971,3,1317.087534
500,214.618527,1,1330.250542
500,10.640333,2,1330.250542
500,959.168804,3,1330.250542
501,217.306529,1,1364.878687
501,12.346061,2,1364.878687
501,14.102689,3,1364.878687
502,223.173814,1,1402.247491
502,12.217104,2,1402.247491
502,12.145027,3,1402.247491
503,223.909524,1,1392.082243
503,6.76627,2,1392.082243
503,8.00672,3,1392.082243
504,225.253864,1,1403.158485
504,5.633936,2,1403.158485
504,871.642348,3,1403.158485
505,228.666317,1,1210.268573
505,9.131174,2,1210.268573
505,0.000656,3,1210.268573
505,10.706073,4,1210.268573
506,212.856686,0,1322.176377
506,232.982483,1,1322.176377
506,8.05718,2,1322.176377
506,736.892,3,1322.176377
507,239.615392,1,1329.16353
507,6.529109,2,1329.16353
507,30.498281,3,1329.16353
508,242.598404,1,1314.152965
508,5.370783,2,1314.152965
508,12.440672,3,1314.152965
508,12.594805,4,1314.152965
509,257.333411,1,1314.486354
509,5.662562,2,1314.486354
509,418.390056,3,1314.486354
509,7.110114,4,1314.486354
510,262.320349,1,1315.668247
510,7.079813,2,1315.668247
510,4.22817,3,1315.668247
510,11.370342,4,1315.668247
511,265.050863,1,1327.240035
511,7.456633,2,1327.240035
511,900.494192,3,1327.240035
512,268.5541,1,1317.020945
512,4.023795,2,1317.020945
512,1.776013,3,1317.020945
512,16.687187,4,1317.020945
513,272.234439,1,1333.047526
513,6.468411,2,1333.047526
513,740.286705,3,1333.047526
514,278.669603,1,1320.722985
514,2.904814,2,1320.722985
514,49.424933,3,1320.722985
515,293.947597,1,1390.901593
515,9.918216,2,1390.901593
515,5.099835,3,1390.901593
516,332.946308,1,1398.584485
516,7.485012,2,1398.584485
516,3.552005,3,1398.584485
517,344.024538,1,1412.080282
517,6.019468,2,1412.080282
517,13.050518,3,1412.080282
518,364.95363,1,1317.306124
518,3.814822,2,1317.306124
518,69.775684,3,1317.306124
518,4.780547,4,1317.306124
519,411.235918,1,1317.893532
519,30.100747,2,1317.893532
519,5.50E-05,3,1317.893532
520,431.278871,1,1334.383679
520,8.050592,2,1334.383679
520,19.112666,3,1334.383679
521,451.694016,1,1312.489973
521,0.378675,2,1312.489973
521,34.869356,3,1312.489973
521,9.775263,4,1312.489973
522,472.682576,1,1405.657949
522,12.106784,2,1405.657949
522,617.152668,3,1405.657949
523,495.249256,1,1312.757847
523,30.369764,2,1312.757847
523,490.059723,3,1312.757847
523,118.74558,4,1312.757847
524,530.015204,1,1360.460495
524,2.44062,2,1360.460495
524,1.805889,3,1360.460495
525,644.959263,1,1414.77905
525,1.072029,2,1414.77905
525,7.823086,3,1414.77905
526,816.494715,1,1405.693435
526,16.532904,2,1405.693435
526,245.833627,3,1405.693435
527,1171.432342,1,1239.632596
527,11.734723,2,1239.632596
527,0.00017,3,1239.632596
527,7.008163,4,1239.632596
528,1071.956476,1,253.910451
528,2.497588,2,253.910451
528,601.010325,3,253.910451
529,21.247566,0,1319.743346
529,958.631599,1,1319.743346
529,11.55205,2,1319.743346
529,3.414926,3,1319.743346
530,686.145699,1,1410.929338
530,20.935135,2,1410.929338
530,2.827208,3,1410.929338
531,548.596725,1,1345.539585
531,6.390852,2,1345.539585
531,5.594623,3,1345.539585
532,512.672198,1,1392.308803
532,4.589182,2,1392.308803
532,596.302925,3,1392.308803
533,493.922646,1,1394.744519
533,6.452345,2,1394.744519
533,558.449163,3,1394.744519
534,12.954879,0,1324.294551
534,452.246683,1,1324.294551
534,32.955871,2,1324.294551
534,36.327838,3,1324.294551
535,444.646191,1,1392.823646
535,10.649372,2,1392.823646
535,78.298797,3,1392.823646
536,2.683839,0,1323.856959
536,414.97394,1,1323.856959
536,2.110627,2,1323.856959
536,196.062481,3,1323.856959
537,393.295191,1,1326.840505
537,3.848166,2,1326.840505
537,3.831767,3,1326.840505
538,354.126499,1,1334.588726
538,1.514344,2,1334.588726
538,1.612897,3,1334.588726
539,339.102064,1,1395.365808
539,1.625824,2,1395.365808
539,55.672353,3,1395.365808
540,301.566214,1,1321.297275
540,4.115295,2,1321.297275
540,57.878743,3,1321.297275
541,280.788515,1,1398.335802
541,4.552468,2,1398.335802
541,14.249063,3,1398.335802
542,275.187791,1,1322.166848
542,1.511401,2,1322.166848
542,8.491711,3,1322.166848
543,269.523709,1,1312.519302
543,196.345118,2,1312.519302
543,537.840159,3,1312.519302
544,266.20372,1,1328.08598
544,7.168404,2,1328.08598
544,102.260481,3,1328.08598
545,263.219173,1,1316.392704
545,12.655287,2,1316.392704
545,918.283039,3,1316.392704
545,4.981587,4,1316.392704
546,261.041666,1,1392.923192
546,5.403241,2,1392.923192
546,845.629058,3,1392.923192
547,257.258845,1,1328.011395
547,8.567366,2,1328.011395
547,12.031925,3,1328.011395
548,242.542451,1,1216.706435
548,3.620073,2,1216.706435
548,60.59671,3,1216.706435
548,84.04385,4,1216.706435
549,233.286148,1,1315.333767
549,1.602411,2,1315.333767
549,98.823683,3,1315.333767
549,3.904832,4,1315.333767
550,232.192989,1,1398.648367
550,6.563797,2,1398.648367
550,6.518767,3,1398.648367
551,53.304514,0,1358.275869
551,228.531876,1,1358.275869
551,0.881209,2,1358.275869
551,31.934536,3,1358.275869
552,224.027629,1,1402.215065
552,8.193499,2,1402.215065
552,207.852155,3,1402.215065
553,223.672814,1,1345.372676
553,8.984576,2,1345.372676
553,13.591667,3,1345.372676
554,219.417154,1,1315.000998
554,4.862767,2,1315.000998
554,115.12658,3,1315.000998
554,7.66561,4,1315.000998
555,214.944982,1,1323.729651
555,11.548341,2,1323.729651
555,890.599892,3,1323.729651
556,211.276022,1,1313.276335
556,4.978764,2,1313.276335
556,1.465826,3,1313.276335
557,206.373084,1,1326.281114
557,6.269383,2,1326.281114
557,7.704367,3,1326.281114
558,203.093204,1,1404.063538
558,1.138434,2,1404.063538
558,57.608901,3,1404.063538
559,200.55705,1,1324.973601
559,7.775647,2,1324.973601
559,131.622742,3,1324.973601
560,198.417948,1,1320.406843
560,127.37338,2,1320.406843
560,2.08754,3,1320.406843
561,194.64868,1,1322.86277
561,16.257565,2,1322.86277
561,968.38016,3,1322.86277
562,193.840092,1,1343.170703
562,13.31599,2,1343.170703
562,3.377784,3,1343.170703
563,189.379365,1,1393.114438
563,7.12868,2,1393.114438
563,1.142299,3,1393.114438
564,183.644268,1,1316.84725
564,20.327529,2,1316.84725
564,27.04654,3,1316.84725
565,180.779843,1,1317.945229
565,17.92414,2,1317.945229
565,45.648266,3,1317.945229
566,178.712202,1,1340.074727
566,20.536422,2,1340.074727
566,138.126405,3,1340.074727
567,176.400561,1,1322.24568
567,11.628393,2,1322.24568
567,54.211235,3,1322.24568
568,173.50299,1,1316.118007
568,17.71915,2,1316.118007
568,135.815209,3,1316.118007
569,171.026773,1,1210.484395
569,1.270665,2,1210.484395
569,3.657527,3,1210.484395
569,8.696984,4,1210.484395
570,168.443379,1,1315.412113
570,13.535677,2,1315.412113
570,4.02968,3,1315.412113
571,167.414957,1,1337.52464
571,8.873589,2,1337.52464
571,8.57928,3,1337.52464
572,164.745107,1,1333.16784
572,15.499576,2,1333.16784
572,75.708256,3,1333.16784
573,162.080715,1,1335.310885
573,3.670818,2,1335.310885
573,7.652089,3,1335.310885
574,3.515195,0,1395.269326
574,157.291824,1,1395.269326
574,2.584495,2,1395.269326
574,929.580543,3,1395.269326
575,152.100968,1,1318.380736
575,8.925081,2,1318.380736
575,0.000106,3,1318.380736
576,74.891746,0,1323.164652
576,148.771342,1,1323.164652
576,19.547828,2,1323.164652
576,915.809898,3,1323.164652
577,143.031047,1,1322.873177
577,12.217366,2,1322.873177
577,5.173366,3,1322.873177
578,140.568472,1,1344.088089
578,4.364857,2,1344.088089
578,24.411807,3,1344.088089
579,138.965323,1,1367.676072
579,17.345991,2,1367.676072
579,962.917198,3,1367.676072
580,138.094677,1,1317.47469
580,1.558722,2,1317.47469
580,71.566538,3,1317.47469
581,135.820709,1,1322.7111
581,8.832245,2,1322.7111
581,1000.118827,3,1322.7111
582,134.856911,1,1210.580062
582,4.818264,2,1210.580062
582,7.265743,3,1210.580062
582,19.372255,4,1210.580062
583,131.693405,1,1337.15338
583,31.851891,2,1337.15338
583,85.451953,3,1337.15338
584,131.300475,1,1317.620038
584,8.952932,2,1317.620038
584,112.830947,3,1317.620038
585,129.910392,1,1329.113981
585,2.174763,2,1329.113981
585,87.639509,3,1329.113981
586,126.881949,1,1358.02145
586,1.910181,2,1358.02145
586,823.29328,3,1358.02145
587,124.772272,1,1313.342449
587,19.027585,2,1313.342449
587,160.987742,3,1313.342449
587,45.867573,4,1313.342449
588,121.26433,1,1314.103102
588,4.253791,2,1314.103102
588,106.236425,3,1314.103102
588,12.919756,4,1314.103102
589,120.787266,1,1315.922781
589,5.755082,2,1315.922781
589,1040.633017,3,1315.922781
589,16.04,4,1315.922781
590,118.950968,1,1398.733698
590,10.480412,2,1398.733698
590,946.86902,3,1398.733698
591,117.828466,1,1334.216946
591,10.561226,2,1334.216946
591,27.055898,3,1334.216946
592,116.777706,1,1317.795869
592,2.529835,2,1317.795869
592,18.879775,3,1317.795869
593,113.657209,1,1364.354797
593,13.022825,2,1364.354797
593,1.808466,3,1364.354797
594,112.428591,1,1435.689257
594,24.373658,2,1435.689257
594,2.858982,3,1435.689257
595,109.332715,1,1320.310753
595,4.0848,2,1320.310753
595,77.981351,3,1320.310753
596,40.715176,0,1323.344464
596,107.021879,1,1323.344464
596,1.823072,2,1323.344464
596,13.110997,3,1323.344464
597,106.090134,1,1318.848819
597,9.802169,2,1318.848819
597,6.723738,3,1318.848819
598,105.077049,1,1323.120066
598,1.013895,2,1323.120066
598,30.528548,3,1323.120066
599,103.78321,1,1314.348512
599,5.088997,2,1314.348512
599,1.620008,3,1314.348512
599,9.21996,4,1314.348512
600,101.345926,1,1392.285397
600,10.895186,2,1392.285397
600,4.672088,3,1392.285397
601,99.582499,1,1324.784818
601,4.70154,2,1324.784818
601,17.619476,3,1324.784818
602,97.778552,1,1317.936588
602,6.071227,2,1317.936588
602,127.564138,3,1317.936588
603,96.71878,1,1314.815675
603,5.322937,2,1314.815675
603,19.967833,3,1314.815675
604,94.189458,1,1322.74799
604,4.976645,2,1322.74799
604,9.414432,3,1322.74799
605,93.554992,1,1314.358384
605,11.021403,2,1314.358384
605,0.000136,3,1314.358384
605,11.663937,4,1314.358384
606,91.35426,1,1209.305674
606,22.386547,2,1209.305674
606,541.722359,3,1209.305674
606,3.636113,4,1209.305674
607,90.017265,1,1392.320095
607,1.108548,2,1392.320095
607,3.264896,3,1392.320095
608,89.668326,1,1431.536421
608,47.178563,2,1431.536421
608,3.141631,3,1431.536421
609,89.267735,1,1364.233502
609,13.441931,2,1364.233502
609,34.306294,3,1364.233502
610,88.800539,1,1212.258958
610,8.840848,2,1212.258958
610,0.000146,3,1212.258958
610,18.596083,4,1212.258958
611,87.811394,1,1324.446089
611,10.670137,2,1324.446089
611,3.475489,3,1324.446089
612,35.302465,0,1338.886709
612,86.704129,1,1338.886709
612,10.388566,2,1338.886709
612,12.667724,3,1338.886709
613,85.517898,1,1390.951497
613,6.697269,2,1390.951497
613,78.955746,3,1390.951497
614,84.340929,1,1314.517226
614,3.294409,2,1314.517226
614,0.000171,3,1314.517226
614,16.223041,4,1314.517226
615,0,0,1247.103771
615,84.187708,1,1247.103771
615,9.824868,2,1247.103771
615,901.717383,3,1247.103771
616,82.600538,1,1335.236618
616,3.94496,2,1335.236618
616,87.254522,3,1335.236618
617,82.437107,1,1392.506231
617,12.482074,2,1392.506231
617,10.292584,3,1392.506231
618,79.391402,1,1426.657468
618,7.793831,2,1426.657468
618,12.649708,3,1426.657468
619,79.220005,1,1392.298198
619,9.009938,2,1392.298198
619,9.938341,3,1392.298198
620,77.558238,1,1314.565744
620,10.40403,2,1314.565744
620,0.000122,3,1314.565744
620,12.261303,4,1314.565744
621,75.939126,1,1319.306568
621,7.857807,2,1319.306568
621,147.163112,3,1319.306568
622,75.267209,1,1392.696122
622,4.100454,2,1392.696122
622,2.752708,3,1392.696122
623,74.760184,1,1315.053484
623,1.37985,2,1315.053484
623,1.799733,3,1315.053484
623,23.499696,4,1315.053484
624,73.790448,1,1405.573572
624,6.84716,2,1405.573572
624,2.397692,3,1405.573572
625,73.213391,1,1397.549136
625,2.094114,2,1397.549136
625,2.333693,3,1397.549136
626,72.836916,1,1325.333523
626,31.918486,2,1325.333523
626,46.080204,3,1325.333523
627,72.198488,1,1293.154712
627,8.397083,2,1293.154712
627,287.583778,3,1293.154712
627,24.96974,4,1293.154712
628,70.39272,1,1325.875501
628,4.554435,2,1325.875501
628,6.262387,3,1325.875501
629,69.602967,1,1330.701698
629,9.624858,2,1330.701698
629,3.352291,3,1330.701698
630,69.421773,1,1315.203454
630,4.79698,2,1315.203454
630,7.819614,3,1315.203454
631,67.222416,1,1546.366652
631,14.671853,2,1546.366652
631,7.947929,3,1546.366652
632,67.211939,1,1324.259245
632,11.540647,2,1324.259245
632,83.080961,3,1324.259245
633,66.536743,1,1320.296143
633,17.91968,2,1320.296143
633,22.585135,3,1320.296143
634,64.565531,1,1314.41961
634,0.837801,2,1314.41961
634,30.534899,3,1314.41961
634,22.429725,4,1314.41961
635,63.586821,1,1440.08141
635,5.211172,2,1440.08141
635,996.051622,3,1440.08141
636,62.323171,1,1395.58982
636,6.87904,2,1395.58982
636,79.882658,3,1395.58982
637,3.795422,0,1505.339521
637,62.203894,1,1505.339521
637,7.711296,2,1505.339521
637,673.759136,3,1505.339521
638,61.278719,1,1328.475633
638,8.049062,2,1328.475633
638,8.606079,3,1328.475633
639,60.177689,1,1315.822221
639,8.545585,2,1315.822221
639,29.152034,3,1315.822221
639,0.28929,4,1315.822221
640,59.041947,1,1321.97361
640,13.012297,2,1321.97361
640,63.042127,3,1321.97361
641,57.582154,1,1315.227834
641,9.025222,2,1315.227834
641,0.000124,3,1315.227834
641,10.643875,4,1315.227834
642,57.16911,1,1324.563348
642,41.206442,2,1324.563348
642,47.741651,3,1324.563348
643,55.775383,1,1343.904595
643,11.504218,2,1343.904595
643,1.69326,3,1343.904595
644,54.693196,1,1317.19001
644,10.404803,2,1317.19001
644,1109.704866,3,1317.19001
645,54.540315,1,1317.570749
645,13.134551,2,1317.570749
645,18.352517,3,1317.570749
646,54.453397,1,1401.786966
646,3.101487,2,1401.786966
646,4.308345,3,1401.786966
647,54.324505,1,1358.920424
647,6.608806,2,1358.920424
647,2.572599,3,1358.920424
648,54.141415,1,1328.669444
648,4.837709,2,1328.669444
648,992.179916,3,1328.669444
649,53.046563,1,1467.306211
649,40.29436,2,1467.306211
649,9.70E-05,3,1467.306211
650,2.835392,0,1316.037624
650,52.665332,1,1316.037624
650,2.933368,2,1316.037624
650,823.052672,3,1316.037624
650,1.19216,4,1316.037624
651,52.637946,1,1248.839469
651,4.634325,2,1248.839469
651,2.100511,3,1248.839469
651,28.240597,4,1248.839469
652,52.165981,1,1405.042726
652,20.881878,2,1405.042726
652,17.086471,3,1405.042726
653,50.183245,1,1257.137554
653,111.020936,3,1257.137554
653,19.176578,4,1257.137554
654,49.625014,1,1333.316917
654,13.719196,2,1333.316917
654,49.293306,3,1333.316917
655,49.016865,1,1321.693525
655,21.311125,2,1321.693525
655,6.50E-05,3,1321.693525
656,48.872589,1,1317.740713
656,4.362334,2,1317.740713
656,1118.611476,3,1317.740713
657,48.679672,1,1329.499478
657,5.11864,2,1329.499478
657,24.20276,3,1329.499478
658,48.569717,1,1315.747852
658,9.270287,2,1315.747852
658,58.458539,3,1315.747852
658,10.931158,4,1315.747852
659,47.859197,1,1324.762221
659,5.888059,2,1324.762221
659,2.905859,3,1324.762221
660,47.665435,1,1314.978928
660,8.049839,2,1314.978928
660,0.000115,3,1314.978928
660,10.224459,4,1314.978928
661,47.336647,1,1325.899068
661,7.905663,2,1325.899068
661,9.60E-05,3,1325.899068
662,47.116822,1,1332.700845
662,10.678607,2,1332.700845
662,1122.732366,3,1332.700845
663,46.6757,1,1314.918515
663,3.346564,2,1314.918515
663,1.403068,3,1314.918515
663,1.214087,4,1314.918515
664,45.325316,1,1321.154994
664,15.482353,2,1321.154994
664,20.243831,3,1321.154994
665,44.483365,1,1317.119491
665,11.452399,2,1317.119491
665,1119.368067,3,1317.119491
666,43.735213,1,1320.221694
666,8.318994,2,1320.221694
666,1137.011903,3,1320.221694
667,43.214224,1,1318.959168
667,6.90152,2,1318.959168
667,1121.572692,3,1318.959168
668,42.444336,1,1378.800878
668,5.852488,2,1378.800878
668,8.40E-05,3,1378.800878
669,41.862732,1,1333.854877
669,4.938887,2,1333.854877
669,19.558419,3,1333.854877
670,41.552645,1,1316.689665
670,9.059816,2,1316.689665
670,36.788759,3,1316.689665
671,40.849138,1,1314.92199
671,8.224898,2,1314.92199
671,5.774565,3,1314.92199
672,40.434792,1,1315.675113
672,12.703866,2,1315.675113
672,377.621753,3,1315.675113
673,38.74738,1,1418.584575
673,4.595245,2,1418.584575
673,6.81724,3,1418.584575
674,38.229882,1,1355.602962
674,5.783689,2,1355.602962
674,37.983248,3,1355.602962
675,37.701037,1,1436.775137
675,13.902424,2,1436.775137
675,3.96484,3,1436.775137
676,37.43861,1,1326.867197
676,16.60701,2,1326.867197
676,2.011492,3,1326.867197
677,37.334971,1,1320.64333
677,15.567748,2,1320.64333
677,6.61535,3,1320.64333
678,36.938518,1,1392.294693
678,2.869795,2,1392.294693
678,6.934904,3,1392.294693
679,36.611246,1,1394.704746
679,2.426488,2,1394.704746
679,9.82197,3,1394.704746
680,36.247108,1,1331.805648
680,1.93696,2,1331.805648
680,2.026792,3,1331.805648
681,35.721225,1,1315.363682
681,14.984699,2,1315.363682
681,0.000139,3,1315.363682
681,1.270562,4,1315.363682
682,35.501276,1,1350.808345
682,13.751292,2,1350.808345
682,3.93398,3,1350.808345
683,35.411575,1,1325.637665
683,6.732006,2,1325.637665
683,26.007025,3,1325.637665
684,35.229461,1,1317.566167
684,4.634836,2,1317.566167
684,1.806976,3,1317.566167
684,7.4481,4,1317.566167
685,34.398498,1,1332.310945
685,10.147585,2,1332.310945
685,2.038129,3,1332.310945
686,34.156902,1,1320.595607
686,10.85774,2,1320.595607
686,445.025134,3,1320.595607
687,33.044193,1,1334.569468
687,16.694109,2,1334.569468
687,4.60E-05,3,1334.569468
688,32.796185,1,1348.172516
688,7.918905,2,1348.172516
688,20.593179,3,1348.172516
689,32.463088,1,1319.522348
689,5.003992,2,1319.522348
689,380.720257,3,1319.522348
690,32.387797,1,1359.080529
690,14.765156,2,1359.080529
690,5.482679,3,1359.080529
691,31.820677,1,1325.276936
691,3.067258,2,1325.276936
691,31.014147,3,1325.276936
692,31.772536,1,1548.824978
692,13.641655,2,1548.824978
692,4.30E-05,3,1548.824978
693,31.220961,1,1322.903197
693,8.902909,2,1322.903197
693,37.342567,3,1322.903197
694,30.756538,1,1316.815309
694,7.694623,2,1316.815309
694,0.000148,3,1316.815309
694,14.763126,4,1316.815309
695,30.211765,0,1323.116896
695,30.254148,1,1323.116896
695,6.956974,2,1323.116896
695,1059.815008,3,1323.116896
696,29.687337,1,1320.741602
696,4.264083,2,1320.741602
696,1097.219683,3,1320.741602
697,29.490674,1,1333.262807
697,4.816119,2,1333.262807
697,18.069418,3,1333.262807
698,29.33858,1,1322.385004
698,7.062008,2,1322.385004
698,5.570894,3,1322.385004
699,28.921203,1,1327.533944
699,5.855851,2,1327.533944
699,6.783908,3,1327.533944
700,28.5955,1,1314.468903
700,0.196289,2,1314.468903
700,95.06185,3,1314.468903
700,45.999287,4,1314.468903
701,28.033557,1,1314.113635
701,6.41509,2,1314.113635
701,0.000118,3,1314.113635
701,12.093028,4,1314.113635
702,27.437786,1,1319.025045
702,12.53672,2,1319.025045
702,47.206829,3,1319.025045
703,27.29964,1,1319.644311
703,1.462099,2,1319.644311
703,5.40E-05,3,1319.644311
704,26.773767,1,1320.921491
704,5.398652,2,1320.921491
704,345.448576,3,1320.921491
705,26.658075,1,1323.349161
705,9.316499,2,1323.349161
705,7.461113,3,1323.349161
706,26.006573,1,1317.07739
706,19.777633,2,1317.07739
706,1116.119315,3,1317.07739
707,25.714387,1,1315.45039
707,5.337932,2,1315.45039
707,1068.451411,3,1315.45039
708,169.918814,0,1315.27097
708,25.441133,1,1315.27097
708,5.070379,2,1315.27097
708,184.125399,3,1315.27097
708,10.916884,4,1315.27097
709,4.172356,0,1322.219783
709,25.049307,1,1322.219783
709,11.202034,2,1322.219783
709,5.782457,3,1322.219783
710,24.447311,1,1312.55868
710,0.298818,2,1312.55868
710,720.644583,3,1312.55868
710,14.699239,4,1312.55868
711,23.767474,1,1316.090378
711,8.652124,2,1316.090378
711,265.763741,3,1316.090378
711,21.299082,4,1316.090378
712,23.447089,1,1316.394085
712,2.811854,2,1316.394085
712,58.155086,3,1316.394085
713,4.782581,0,1331.684108
713,22.917676,1,1331.684108
713,1.014008,2,1331.684108
713,6.122772,3,1331.684108
714,22.896422,1,1335.11403
714,11.695435,2,1335.11403
714,56.179096,3,1335.11403
715,22.628837,1,1393.641215
715,10.638317,2,1393.641215
715,29.736058,3,1393.641215
716,21.906392,1,1322.546258
716,3.352431,2,1322.546258
716,0.000103,3,1322.546258
717,21.64423,1,1408.897059
717,4.859053,2,1408.897059
717,1.226239,3,1408.897059
718,21.444424,1,1320.966701
718,4.868855,2,1320.966701
718,636.312849,3,1320.966701
719,21.34134,1,1316.117075
719,5.392326,2,1316.117075
719,1.452445,3,1316.117075
719,8.927089,4,1316.117075
720,21.273721,1,1315.471811
720,3.719665,2,1315.471811
720,291.744428,3,1315.471811
720,5.481638,4,1315.471811
721,20.618386,1,1317.376048
721,10.901719,2,1317.376048
721,272.801632,3,1317.376048
721,14.46499,4,1317.376048
722,20.472459,1,1322.045752
722,3.942671,2,1322.045752
722,1156.574512,3,1322.045752
723,20.371233,1,1326.336942
723,12.772792,2,1326.336942
723,9.00E-05,3,1326.336942
724,20.160683,1,1316.814062
724,7.558932,2,1316.814062
724,270.822515,3,1316.814062
724,4.437746,4,1316.814062
725,19.737824,1,1314.570608
725,4.439414,2,1314.570608
725,862.389874,3,1314.570608
726,19.476895,1,1322.581322
726,7.517064,2,1322.581322
726,1061.479054,3,1322.581322
727,19.068511,1,1400.231459
727,2.74615,2,1400.231459
727,733.970083,3,1400.231459
728,18.896225,1,1346.076178
728,5.659571,2,1346.076178
728,4.70E-05,3,1346.076178
729,18.683635,1,1317.665939
729,4.820924,2,1317.665939
729,1151.61626,3,1317.665939
729,4.994852,4,1317.665939
730,18.236492,1,1317.512659
730,9.192869,2,1317.512659
730,1087.566504,3,1317.512659
731,18.038027,1,1327.179101
731,1.420049,2,1327.179101
731,19.951274,3,1327.179101
732,17.940893,1,1316.689027
732,12.495178,2,1316.689027
732,1157.116375,3,1316.689027
733,17.781987,1,1323.492231
733,10.436779,2,1323.492231
733,34.677278,3,1323.492231
734,17.457601,1,1325.493252
734,6.20089,2,1325.493252
734,2.150757,3,1325.493252
735,17.228347,1,1314.468746
735,8.628501,2,1314.468746
735,0.000181,3,1314.468746
735,18.053791,4,1314.468746
736,16.832218,1,1320.58144
736,9.879629,2,1320.58144
736,1166.563551,3,1320.58144
737,16.730605,1,1316.809858
737,1.42037,2,1316.809858
737,1179.55105,3,1316.809858
738,16.673991,1,1315.011201
738,3.87541,2,1315.011201
738,1162.846435,3,1315.011201
739,16.428506,1,1315.605649
739,7.12445,2,1315.605649
739,0.000136,3,1315.605649
739,7.982259,4,1315.605649
740,16.270577,1,1458.064887
740,4.317283,2,1458.064887
740,6.90E-05,3,1458.064887
741,16.11143,1,1395.642192
741,10.918224,2,1395.642192
741,14.372004,3,1395.642192
742,15.888589,1,1319.21518
742,4.506658,2,1319.21518
742,6.50E-05,3,1319.21518
743,15.707727,1,1528.195887
743,3.194934,2,1528.195887
743,5.40E-05,3,1528.195887
744,15.439162,1,1315.426461
744,9.110537,2,1315.426461
744,1175.724219,3,1315.426461
745,15.342201,1,1316.409322
745,14.039457,2,1316.409322
745,8.006553,3,1316.409322
746,15.275072,1,1318.173752
746,20.5396,2,1318.173752
746,0.000331,3,1318.173752
747,15.004885,1,1319.801186
747,4.944697,2,1319.801186
747,287.907788,3,1319.801186
747,24.760253,4,1319.801186
748,14.850888,1,1315.165368
748,4.262141,2,1315.165368
748,1150.209561,3,1315.165368
748,1.891523,4,1315.165368
749,14.729511,1,1316.546062
749,7.547282,2,1316.546062
749,657.843823,3,1316.546062
750,14.494149,1,1319.963127
750,13.623202,2,1319.963127
750,1165.981763,3,1319.963127
751,14.348839,1,1316.858106
751,2.190978,2,1316.858106
751,1135.824531,3,1316.858106
752,14.330673,1,1316.79615
752,14.241822,2,1316.79615
752,11.556097,3,1316.79615
753,14.265989,1,1318.503422
753,6.188231,2,1318.503422
753,747.105116,3,1318.503422
754,14.03709,1,1317.802839
754,5.687982,2,1317.802839
754,36.433657,3,1317.802839
755,13.630688,1,1336.49438
755,4.255461,2,1336.49438
755,4.80E-05,3,1336.49438
756,13.30093,1,1317.411937
756,4.89937,2,1317.411937
756,167.166477,3,1317.411937
757,13.003382,1,1315.074254
757,6.899798,2,1315.074254
757,0.00015,3,1315.074254
757,11.817377,4,1315.074254
758,12.890893,1,1361.664771
758,3.124252,2,1361.664771
758,4.50E-05,3,1361.664771
759,12.801988,1,1324.620004
759,6.477823,2,1324.620004
759,5.10E-05,3,1324.620004
760,12.728892,1,1329.022524
760,8.279134,2,1329.022524
760,5.40E-05,3,1329.022524
761,12.610667,1,1315.279262
761,10.406767,2,1315.279262
761,0.000106,3,1315.279262
762,12.583366,1,1315.073262
762,0.581406,2,1315.073262
762,1172.833448,3,1315.073262
763,12.423749,1,1512.891937
763,13.599794,2,1512.891937
763,1.859839,3,1512.891937
764,12.347705,1,1313.063464
764,14.615551,2,1313.063464
764,1150.169514,3,1313.063464
765,12.192394,1,1331.97128
765,2.319868,2,1331.97128
765,5.60E-05,3,1331.97128
766,12.101094,1,1316.433953
766,6.092638,2,1316.433953
766,67.476567,3,1316.433953
766,12.422202,4,1316.433953
767,12.050772,1,1315.947895
767,3.419708,2,1315.947895
767,1035.700176,3,1315.947895
767,25.971313,4,1315.947895
768,11.930328,1,1409.886296
768,3.830562,2,1409.886296
768,29.211689,3,1409.886296
769,11.881501,1,1323.553191
769,4.103424,2,1323.553191
769,527.193312,3,1323.553191
770,11.791527,1,1318.391044
770,6.658127,2,1318.391044
770,252.257842,3,1318.391044
771,11.718786,1,1324.685095
771,5.207016,2,1324.685095
771,1139.71939,3,1324.685095
772,11.379855,1,1333.028751
772,9.089211,2,1333.028751
772,41.984362,3,1333.028751
773,11.363702,1,1395.967433
773,3.606585,2,1395.967433
773,3.112561,3,1395.967433
774,11.325148,1,1316.822744
774,3.386373,2,1316.822744
774,1174.946224,3,1316.822744
775,11.190405,1,1314.867042
775,2.862131,2,1314.867042
775,328.879517,3,1314.867042
775,2.324995,4,1314.867042
776,11.141436,1,1315.709644
776,7.559848,2,1315.709644
776,1167.654557,3,1315.709644
776,2.674857,4,1315.709644
777,11.116446,1,1318.489478
777,10.271759,2,1318.489478
777,1140.886858,3,1318.489478
778,10.927508,1,1314.886164
778,4.517041,2,1314.886164
778,1044.371531,3,1314.886164
779,10.759567,1,1368.448861
779,10.446495,2,1368.448861
779,7.10E-05,3,1368.448861
780,10.633027,1,1313.493506
780,4.368849,2,1313.493506
780,1185.981653,3,1313.493506
781,10.505223,1,1317.762871
781,1.012395,2,1317.762871
781,75.943918,3,1317.762871
782,10.379808,1,1317.17497
782,6.932598,2,1317.17497
782,1133.19528,3,1317.17497
783,9.95037,1,1316.741596
783,8.655312,2,1316.741596
783,131.143307,3,1316.741596
784,9.835708,1,1324.455775
784,8.897156,2,1324.455775
784,14.434713,3,1324.455775
785,9.822566,1,1320.120108
785,11.81813,2,1320.120108
785,5.80E-05,3,1320.120108
786,9.664153,1,1325.314006
786,2.421987,2,1325.314006
786,1177.223999,3,1325.314006
787,9.499709,1,1325.856762
787,9.758037,2,1325.856762
787,26.428952,3,1325.856762
788,9.449721,1,1319.792256
788,8.107564,2,1319.792256
788,1172.95458,3,1319.792256
789,9.411308,1,1315.028312
789,7.588458,2,1315.028312
789,0.000127,3,1315.028312
789,1.609246,4,1315.028312
790,9.390219,1,1315.563075
790,12.791665,2,1315.563075
790,1163.901247,3,1315.563075
790,9.999401,4,1315.563075
791,9.293347,1,1400.745406
791,5.062888,2,1400.745406
791,5.50E-05,3,1400.745406
792,9.014965,1,1329.911419
792,8.922461,2,1329.911419
792,5.30E-05,3,1329.911419
793,8.935806,1,1315.833245
793,1.415946,2,1315.833245
793,1114.116487,3,1315.833245
794,8.872603,1,1315.074551
794,1.648559,2,1315.074551
794,1169.073746,3,1315.074551
795,8.700166,1,1478.952876
795,3.104156,2,1478.952876
795,5.50E-05,3,1478.952876
796,8.656999,1,1312.908616
796,2.660257,2,1312.908616
796,1182.803532,3,1312.908616
797,8.49115,1,1318.97076
797,10.04215,2,1318.97076
797,642.599809,3,1318.97076
798,8.467402,1,1561.897618
798,13.876851,2,1561.897618
798,5.30E-05,3,1561.897618
799,8.208721,1,1346.775026
799,7.672806,2,1346.775026
799,8.00E-05,3,1346.775026
800,8.156693,1,1321.45438
800,8.932754,2,1321.45438
800,43.956509,3,1321.45438
801,8.086187,1,1317.643037
801,9.11733,2,1317.643037
801,474.390487,3,1317.643037
802,7.997451,1,1315.481204
802,1.867378,2,1315.481204
802,1144.796977,3,1315.481204
803,7.89532,1,1316.056492
803,10.545744,2,1316.056492
803,444.087622,3,1316.056492
804,7.833434,1,1318.110872
804,12.595506,2,1318.110872
804,1176.476182,3,1318.110872
805,7.460854,1,1319.882747
805,7.832956,2,1319.882747
805,4.80E-05,3,1319.882747
806,7.452321,1,1315.255393
806,1.911465,2,1315.255393
806,1182.66972,3,1315.255393
807,7.344579,1,1314.380926
807,4.307378,2,1314.380926
807,1159.067863,3,1314.380926
808,7.302704,1,1317.411939
808,11.676273,2,1317.411939
808,314.924621,3,1317.411939
809,7.245405,1,1326.499529
809,2.889609,2,1326.499529
809,6.90E-05,3,1326.499529
810,7.1592,1,1318.304186
810,3.642334,2,1318.304186
810,5.80E-05,3,1318.304186
811,7.060151,1,1312.896744
811,15.474357,2,1312.896744
811,339.068244,3,1312.896744
811,0.014055,4,1312.896744
812,7.036641,1,1319.68654
812,9.519597,2,1319.68654
812,6.90E-05,3,1319.68654
813,6.96359,1,1316.505799
813,8.32379,2,1316.505799
813,0.000156,3,1316.505799
813,4.297392,4,1316.505799
814,6.885491,1,1325.612217
814,7.253005,2,1325.612217
814,7.20E-05,3,1325.612217
815,6.876641,1,1315.340855
815,5.47761,2,1315.340855
815,955.153947,3,1315.340855
815,7.067072,4,1315.340855
816,6.848607,1,1392.759539
816,2.277024,2,1392.759539
816,5.60E-05,3,1392.759539
817,6.821034,1,1273.804455
817,14.595011,2,1273.804455
817,0.000541,3,1273.804455
817,16.936743,4,1273.804455
818,6.796372,1,1217.129175
818,4.032561,2,1217.129175
818,7.60E-05,3,1217.129175
818,7.771118,4,1217.129175
819,6.731908,1,1314.960202
819,2.58317,2,1314.960202
819,1029.350935,3,1314.960202
820,6.641324,1,1318.235733
820,5.164521,2,1318.235733
820,8.10E-05,3,1318.235733
821,6.558681,1,1317.897999
821,2.802441,2,1317.897999
821,1036.516926,3,1317.897999
822,6.495963,1,1560.921854
822,2.97593,2,1560.921854
822,5.50E-05,3,1560.921854
823,6.440696,1,1319.746687
823,2.134501,2,1319.746687
823,1130.39476,3,1319.746687
824,6.36799,1,1316.594809
824,16.121034,2,1316.594809
824,1160.770144,3,1316.594809
825,6.289893,1,1316.907626
825,12.876702,2,1316.907626
825,20.741859,3,1316.907626
826,6.250557,1,1320.973937
826,5.964615,2,1320.973937
826,1181.372818,3,1320.973937
827,6.212127,1,1318.551163
827,2.275189,2,1318.551163
827,1165.297298,3,1318.551163
828,6.203045,1,1315.072312
828,13.01754,2,1315.072312
828,6.20E-05,3,1315.072312
829,6.097536,1,1453.367157
829,13.860432,2,1453.367157
829,42.209825,3,1453.367157
830,6.092135,1,1321.247987
830,1.615041,2,1321.247987
830,4.10E-05,3,1321.247987
831,6.072125,1,1319.164156
831,1.143205,2,1319.164156
831,1183.716618,3,1319.164156
832,6.028275,1,1315.761907
832,7.040242,2,1315.761907
832,41.529912,3,1315.761907
832,8.916378,4,1315.761907
833,5.96384,1,1314.761586
833,1.119946,2,1314.761586
833,7.20E-05,3,1314.761586
833,11.481603,4,1314.761586
834,5.904705,1,1316.443584
834,2.805172,2,1316.443584
834,1181.293822,3,1316.443584
835,5.866656,1,1320.864183
835,8.774971,2,1320.864183
835,7.80E-05,3,1320.864183
836,5.822369,1,1315.020645
836,2.93538,2,1315.020645
836,465.633192,3,1315.020645
837,5.80461,1,1313.805574
837,5.443368,2,1313.805574
837,0.000124,3,1313.805574
837,9.540117,4,1313.805574
838,5.783164,1,1330.812671
838,16.067435,2,1330.812671
838,5.20E-05,3,1330.812671
839,5.673902,1,1329.293842
839,5.89769,2,1329.293842
839,79.045743,3,1329.293842
840,5.625647,1,1318.540337
840,5.611745,2,1318.540337
840,1176.122131,3,1318.540337
841,5.598456,1,1212.298351
841,1.43032,2,1212.298351
841,0.000561,3,1212.298351
841,10.498564,4,1212.298351
842,5.538887,1,1345.858149
842,1.382855,2,1345.858149
842,931.466263,3,1345.858149
843,5.495171,1,1442.628374
843,2.941772,2,1442.628374
843,13.904831,3,1442.628374
844,5.465023,1,1318.779455
844,0.74246,2,1318.779455
844,1060.444691,3,1318.779455
845,5.419706,1,1323.775345
845,8.984164,2,1323.775345
845,112.063948,3,1323.775345
846,5.350832,1,1314.725383
846,4.410559,2,1314.725383
846,891.775729,3,1314.725383
847,5.324121,1,1315.439256
847,7.701324,2,1315.439256
847,1181.286215,3,1315.439256
847,2.748468,4,1315.439256
848,5.278603,1,1314.292138
848,1.4085,2,1314.292138
848,6.10E-05,3,1314.292138
848,6.350781,4,1314.292138
849,5.181486,1,1316.954022
849,1.389164,2,1316.954022
849,318.374099,3,1316.954022
849,9.185459,4,1316.954022
850,5.024032,1,1320.336016
850,1.147264,2,1320.336016
850,589.679906,3,1320.336016
851,5.001129,1,1317.473158
851,4.29567,2,1317.473158
851,1032.065064,3,1317.473158
852,4.94308,1,1315.126037
852,1.183432,2,1315.126037
852,6.30E-05,3,1315.126037
852,15.855209,4,1315.126037
853,4.87264,1,1318.00395
853,11.790695,2,1318.00395
853,1180.293882,3,1318.00395
854,4.7787,1,1316.087775
854,2.024326,2,1316.087775
854,6.70E-05,3,1316.087775
854,7.579695,4,1316.087775
855,4.722419,1,1315.495945
855,12.909665,2,1315.495945
855,0.000158,3,1315.495945
855,9.638632,4,1315.495945
856,4.67199,1,1328.628801
856,3.789495,2,1328.628801
856,6.30E-05,3,1328.628801
857,4.593559,1,1317.575918
857,3.119112,2,1317.575918
857,1181.211221,3,1317.575918
858,4.532758,1,1315.411805
858,6.999949,2,1315.411805
858,0.000188,3,1315.411805
858,18.041493,4,1315.411805
859,4.460198,1,1322.293104
859,1.882977,2,1322.293104
859,1092.127514,3,1322.293104
860,4.422156,1,1315.605496
860,9.272371,2,1315.605496
860,1173.597123,3,1315.605496
860,11.908606,4,1315.605496
861,4.159752,1,1213.042488
861,2.44,2,1213.042488
861,0.000328,3,1213.042488
861,7.776232,4,1213.042488
862,4.135231,1,1318.528378
862,1.614741,2,1318.528378
862,1169.778291,3,1318.528378
863,3.959112,1,1404.483685
863,0.959985,2,1404.483685
863,4.40E-05,3,1404.483685
864,3.935717,1,1316.752378
864,2.683338,2,1316.752378
864,297.923802,3,1316.752378
864,18.333223,4,1316.752378
865,3.88924,1,1316.016945
865,0.935384,2,1316.016945
865,5.70E-05,3,1316.016945
865,5.406096,4,1316.016945
866,3.782197,1,1342.619689
866,7.657532,2,1342.619689
866,57.072778,3,1342.619689
867,3.376119,1,1315.980423
867,12.809784,2,1315.980423
867,1179.049469,3,1315.980423
868,3.280772,1,1318.843712
868,19.078627,2,1318.843712
868,1172.028297,3,1318.843712
869,3.229997,1,1317.032174
869,9.393375,2,1317.032174
869,1143.184098,3,1317.032174
870,3.03909,1,1315.116003
870,8.451875,2,1315.116003
870,1151.056132,3,1315.116003
870,4.059303,4,1315.116003
871,3.014104,1,1397.174057
871,13.820951,2,1397.174057
871,0.000113,3,1397.174057
872,2.937987,1,1314.681586
872,8.019673,2,1314.681586
872,56.023693,3,1314.681586
872,2.663207,4,1314.681586
873,2.889632,1,1319.53919
873,1.45014,2,1319.53919
873,1133.99243,3,1319.53919
874,2.52786,1,1315.151692
874,6.513032,2,1315.151692
874,0.000143,3,1315.151692
874,5.048135,4,1315.151692
875,2.285719,1,1322.037022
875,12.623935,2,1322.037022
875,944.929218,3,1322.037022
876,2.183005,1,1319.315094
876,17.183726,2,1319.315094
876,91.52165,3,1319.315094
877,1.998757,1,1318.032556
877,9.762066,2,1318.032556
877,0.000128,3,1318.032556
877,3.78387,4,1318.032556
878,1.825487,1,1314.803557
878,5.75971,2,1314.803557
878,0.000159,3,1314.803557
878,17.870171,4,1314.803557
879,1.609298,1,1305.045845
879,8.607579,2,1305.045845
879,115.316653,3,1305.045845
879,5.479117,4,1305.045845
880,1.541077,1,1315.010541
880,6.522908,2,1315.010541
880,0.000159,3,1315.010541
880,10.520079,4,1315.010541
881,1.505601,1,1314.384893
881,4.91661,2,1314.384893
881,100.282358,3,1314.384893
881,7.356734,4,1314.384893
882,1.467049,1,1319.781682
882,2.801198,2,1319.781682
882,1182.752893,3,1319.781682
882,6.994006,4,1319.781682
883,1.31908,1,1314.887159
883,6.227715,2,1314.887159
883,0.000167,3,1314.887159
883,9.134779,4,1314.887159
884,1.274201,1,1327.221056
884,5.332705,2,1327.221056
884,1179.796988,3,1327.221056
885,1.02294,1,1316.926202
885,4.725557,2,1316.926202
885,56.061695,3,1316.926202
885,13.239408,4,1316.926202
886,0.898024,1,1314.994062
886,4.077248,2,1314.994062
886,0.000172,3,1314.994062
886,12.888484,4,1314.994062
887,0.826879,1,1314.436979
887,5.365793,2,1314.436979
887,0.000154,3,1314.436979
887,122.652053,4,1314.436979
888,0.725989,1,1316.295866
888,5.686696,2,1316.295866
888,0.000158,3,1316.295866
888,8.401351,4,1316.295866
889,0.627412,1,1316.228662
889,4.154836,2,1316.228662
889,0.000165,3,1316.228662
889,12.472136,4,1316.228662
890,0.396282,1,1312.382995
890,2.437312,2,1312.382995
890,564.526716,3,1312.382995
890,23.22129,4,1312.382995
891,0.241575,1,1312.494248
891,0.180868,2,1312.494248
891,0.001061,3,1312.494248
892,0.115894,1,1312.439269
892,294.722476,2,1312.439269
892,877.914864,3,1312.439269
892,29.748109,4,1312.439269
893,0,1,1317.945399
893,4.479271,2,1317.945399
893,8.90E-05,3,1317.945399
893,11.155022,4,1317.945399
894,0,1,1321.520396
894,3.849711,2,1321.520396
894,1172.209418,3,1321.520396
895,0,1,1320.269299
895,8.733249,2,1320.269299
895,4.20E-05,3,1320.269299
896,0,1,1314.78075
896,3.189987,2,1314.78075
896,8.50E-05,3,1314.78075
896,10.771751,4,1314.78075
897,0,1,1317.960229
897,3.397417,2,1317.960229
897,8.80E-05,3,1317.960229
897,11.1657,4,1317.960229
898,0,1,1316.06624
898,27.411964,2,1316.06624
898,133.828146,3,1316.06624
899,0,1,1319.019594
899,6.080908,2,1319.019594
899,1177.433341,3,1319.019594
900,0,1,1315.202673
900,6.08004,2,1315.202673
900,7.40E-05,3,1315.202673
900,11.894259,4,1315.202673
901,0,1,1327.57426
901,13.784252,2,1327.57426
901,8.50E-05,3,1327.57426
902,0,1,1302.967662
902,6.294586,2,1302.967662
902,9.10E-05,3,1302.967662
902,21.911009,4,1302.967662
903,0,1,1315.548773
903,5.556866,2,1315.548773
903,8.00E-05,3,1315.548773
903,19.957556,4,1315.548773
904,0,1,1344.184978
904,3.496863,2,1344.184978
904,5.30E-05,3,1344.184978
905,0,1,1346.996003
905,6.110847,2,1346.996003
905,553.371791,3,1346.996003
906,0,1,1322.570781
906,16.057729,2,1322.570781
906,10.881292,3,1322.570781
907,0,1,1320.764414
907,7.525345,2,1320.764414
907,1142.11044,3,1320.764414
908,0,1,1393.94544
908,7.149117,2,1393.94544
908,6.10E-05,3,1393.94544
909,0,1,1314.571679
909,5.357095,2,1314.571679
909,7.60E-05,3,1314.571679
909,9.508888,4,1314.571679
910,0,1,1340.26548
910,2.110187,2,1340.26548
910,6.40E-05,3,1340.26548
911,0,1,1316.163024
911,4.895009,2,1316.163024
911,9.10E-05,3,1316.163024
911,24.784329,4,1316.163024
912,0,1,1412.764087
912,13.089628,2,1412.764087
912,5.10E-05,3,1412.764087
913,0,1,1315.639717
913,6.028505,2,1315.639717
913,7.50E-05,3,1315.639717
913,4.721693,4,1315.639717
914,0,1,1314.484523
914,4.29005,2,1314.484523
914,8.20E-05,3,1314.484523
914,6.989291,4,1314.484523
915,0,1,1318.04688
915,5.484707,2,1318.04688
915,1162.9017,3,1318.04688
915,24.977043,4,1318.04688
916,0,1,1623.957279
916,11.396311,2,1623.957279
916,14.797218,3,1623.957279
917,0,1,1316.724491
917,8.007095,2,1316.724491
917,1151.926222,3,1316.724491
918,0,1,1316.789727
918,6.925374,2,1316.789727
918,1175.878848,3,1316.789727
919,0,1,1338.768738
919,2.181963,2,1338.768738
919,174.197878,3,1338.768738
920,0,1,1319.83178
920,7.007338,2,1319.83178
920,126.615571,3,1319.83178
921,0,1,1341.614485
921,5.781549,2,1341.614485
921,5.50E-05,3,1341.614485
922,0,1,1585.542038
923,0,1,1426.23178
923,6.706802,2,1426.23178
923,4.40E-05,3,1426.23178
924,0,1,1323.097859
924,4.094333,2,1323.097859
924,1167.275218,3,1323.097859
925,0,1,1409.174623
925,14.938354,2,1409.174623
925,5.20E-05,3,1409.174623
926,0,1,1324.381519
926,3.110478,2,1324.381519
926,744.342582,3,1324.381519
927,0,1,1365.221263
927,10.848295,2,1365.221263
927,5.80E-05,3,1365.221263
928,0,1,1315.745854
928,10.806609,2,1315.745854
928,1188.586758,3,1315.745854
929,0,1,1479.329543
929,9.308498,2,1479.329543
929,0.000104,3,1479.329543
930,0,1,1317.596573
930,3.558266,2,1317.596573
930,8.00E-05,3,1317.596573
930,5.152499,4,1317.596573
931,0,1,1317.757983
931,3.238437,2,1317.757983
931,8.20E-05,3,1317.757983
931,2.773035,4,1317.757983
932,0,1,1314.497662
932,3.717638,2,1314.497662
932,9.20E-05,3,1314.497662
932,6.818795,4,1314.497662
933,0,1,1329.923833
933,9.013466,2,1329.923833
933,6.00E-05,3,1329.923833
934,0,1,1315.155675
934,10.128064,2,1315.155675
934,880.865553,3,1315.155675
935,0,1,1270.157971
935,19.785643,2,1270.157971
935,0.000371,3,1270.157971
935,23.934358,4,1270.157971
936,0,1,1331.479457
936,14.480969,2,1331.479457
936,5.40E-05,3,1331.479457
937,0,1,1332.567753
937,8.479118,2,1332.567753
937,6.10E-05,3,1332.567753
938,0,1,1440.102313
938,6.246669,2,1440.102313
938,4.90E-05,3,1440.102313
939,0,1,1326.22168
939,5.820913,2,1326.22168
939,7.10E-05,3,1326.22168
940,0,1,1316.338638
940,5.172065,2,1316.338638
940,8.60E-05,3,1316.338638
940,3.131184,4,1316.338638
941,0,1,1276.599984
941,8.956202,2,1276.599984
941,9.20E-05,3,1276.599984
941,47.505644,4,1276.599984
942,0,1,1342.172355
943,0,1,1431.478245
943,10.049825,2,1431.478245
943,7.10E-05,3,1431.478245
944,0,1,1530.657106
944,10.008124,2,1530.657106
944,5.40E-05,3,1530.657106
945,0,1,1318.171404
945,5.160237,2,1318.171404
945,302.581788,3,1318.171404
945,33.500487,4,1318.171404
946,0,1,1314.744955
946,5.13247,2,1314.744955
946,8.40E-05,3,1314.744955
946,6.118257,4,1314.744955
947,0,1,1351.766649
947,4.047312,2,1351.766649
947,4.10E-05,3,1351.766649
948,0,1,1371.714051
948,3.999866,2,1371.714051
948,5.50E-05,3,1371.714051
949,0,1,1315.255725
949,3.851079,2,1315.255725
949,7.60E-05,3,1315.255725
949,92.808496,4,1315.255725
950,0,1,1414.968141
950,5.710587,2,1414.968141
950,4.70E-05,3,1414.968141
951,0,1,1322.351977
951,8.115418,2,1322.351977
951,1114.302822,3,1322.351977
952,0,1,1315.557477
952,10.556287,2,1315.557477
952,1187.487612,3,1315.557477
953,0,1,1316.408525
953,6.664291,2,1316.408525
953,227.641188,3,1316.408525
953,5.493851,4,1316.408525
954,0,1,1381.450211
954,20.616684,2,1381.450211
954,5.00E-05,3,1381.450211
955,0,1,1325.957831
955,5.370066,2,1325.957831
955,5.30E-05,3,1325.957831
956,0,1,1392.630626
956,3.296035,2,1392.630626
956,5.60E-05,3,1392.630626
957,0,1,1316.508976
957,3.922302,2,1316.508976
957,7.20E-05,3,1316.508976
957,9.564456,4,1316.508976
958,0,1,1315.106699
958,5.218637,2,1315.106699
958,6.80E-05,3,1315.106699
958,7.790228,4,1315.106699
959,0,1,1315.839699
959,5.244998,2,1315.839699
959,4.90E-05,3,1315.839699
959,21.159039,4,1315.839699
960,0,1,1316.007757
960,7.548418,2,1316.007757
960,955.280254,3,1316.007757
961,0,1,1330.186278
961,8.165126,2,1330.186278
961,31.362303,3,1330.186278
962,0,1,1315.167656
962,6.726584,2,1315.167656
962,258.123848,3,1315.167656
962,22.96715,4,1315.167656
963,0,1,1389.374565
963,8.39358,2,1389.374565
963,6.00E-05,3,1389.374565
964,0,1,1321.278077
964,6.559444,2,1321.278077
964,1182.918022,3,1321.278077
965,0,1,1316.043485
965,4.678644,2,1316.043485
965,7.60E-05,3,1316.043485
965,12.271935,4,1316.043485
966,0,1,1322.83758
966,7.601297,2,1322.83758
966,1161.590933,3,1322.83758
967,0,1,1313.928655
967,2.764187,2,1313.928655
967,6.70E-05,3,1313.928655
967,6.948802,4,1313.928655
968,0,1,1322.20594
969,0,1,1335.006921
969,8.226577,2,1335.006921
969,6.70E-05,3,1335.006921
970,0,1,1313.941564
970,5.175778,2,1313.941564
970,3.00E-06,3,1313.941564
970,9.313604,4,1313.941564
971,0,1,1325.135633
971,3.597887,2,1325.135633
971,1131.073152,3,1325.135633
972,0,1,1329.331137
972,8.130342,2,1329.331137
972,5.30E-05,3,1329.331137
973,0,1,1586.119053
974,0,1,1260.932302
974,12.276373,2,1260.932302
974,7.50E-05,3,1260.932302
974,33.981255,4,1260.932302
975,0,1,1328.557367
975,23.976588,2,1328.557367
975,82.746867,3,1328.557367
976,0,1,1323.572595
976,13.906722,2,1323.572595
976,42.717933,3,1323.572595
977,0,1,1319.835903
977,6.556331,2,1319.835903
977,612.979104,3,1319.835903
978,0,1,1413.89612
978,4.678944,2,1413.89612
978,6.10E-05,3,1413.89612
979,0,1,1260.423889
979,9.988561,2,1260.423889
979,94.411614,3,1260.423889
979,20.136589,4,1260.423889
980,0,1,1352.133458
980,1.467514,2,1352.133458
980,6.00E-05,3,1352.133458
981,0,1,1318.172199
981,5.023552,2,1318.172199
981,290.461171,3,1318.172199
981,10.064225,4,1318.172199
982,0,1,1314.444994
982,9.64494,2,1314.444994
982,1178.008341,3,1314.444994
983,0,1,1320.206708
983,4.642392,2,1320.206708
983,1082.484728,3,1320.206708
984,0,1,1315.902549
984,8.536941,2,1315.902549
984,791.251974,3,1315.902549
985,0,1,1213.963534
985,5.494048,2,1213.963534
985,0.000557,3,1213.963534
985,6.730382,4,1213.963534
986,0,1,1384.35711
986,15.858228,2,1384.35711
986,6.00E-05,3,1384.35711
987,0,1,1485.920635
987,5.408951,2,1485.920635
987,3.60E-05,3,1485.920635
988,0,1,1337.534408
988,33.998027,2,1337.534408
988,5.50E-05,3,1337.534408
989,0,1,1392.299121
989,9.137053,2,1392.299121
989,4.00E-05,3,1392.299121
990,0,1,1335.231328
990,12.920763,2,1335.231328
990,5.10E-05,3,1335.231328
991,0,1,1315.108842
991,4.168423,2,1315.108842
991,7.30E-05,3,1315.108842
991,8.056827,4,1315.108842
992,0,1,1584.984585
992,5.851296,2,1584.984585
992,7.50E-05,3,1584.984585
993,0,1,1320.82083
993,8.574362,2,1320.82083
993,19.684487,3,1320.82083
994,0,1,1317.876612
994,16.722895,2,1317.876612
994,4.60E-05,3,1317.876612
995,0,1,1316.330565
995,9.456291,2,1316.330565
995,964.045301,3,1316.330565
996,0,1,1315.621686
996,5.577276,2,1315.621686
996,5.70E-05,3,1315.621686
996,14.231851,4,1315.621686
997,0,1,1314.966406
997,10.732056,2,1314.966406
997,1145.208269,3,1314.966406
998,0,1,1412.881783
998,7.140246,2,1412.881783
998,7.10E-05,3,1412.881783
999,0,1,1317.121928
999,4.143226,2,1317.121928
999,7.80E-05,3,1317.121928
999,10.462258,4,1317.121928
1000,0,1,1335.28668
1000,7.590888,2,1335.28668
1000,5.80E-05,3,1335.28668
1001,0,1,1358.15378
1001,15.842933,2,1358.15378
1001,3.80E-05,3,1358.15378
1002,0,1,1317.146423
1002,4.54937,2,1317.146423
1002,8.90E-05,3,1317.146423
1002,6.879763,4,1317.146423
1003,0,1,1316.68304
1003,12.892952,2,1316.68304
1003,7.40E-05,3,1316.68304
1004,0,1,1325.677438
1004,12.557846,2,1325.677438
1004,95.056855,3,1325.677438
1005,0,1,1317.275073
1005,6.092387,2,1317.275073
1005,306.236023,3,1317.275073
1005,27.185139,4,1317.275073
1006,0,1,1319.803784
1006,5.888993,2,1319.803784
1006,1150.412238,3,1319.803784
1007,0,1,1337.973905
1007,1.023452,2,1337.973905
1007,3.50E-05,3,1337.973905
1008,0,1,1331.267553
1008,2.52436,2,1331.267553
1008,62.167665,3,1331.267553
1009,0,1,1596.912877
1009,7.477506,2,1596.912877
1009,5.50E-05,3,1596.912877
1010,0,1,1362.903322
1010,10.005541,2,1362.903322
1010,3.80E-05,3,1362.903322
1011,0,1,1315.713991
1011,10.312687,2,1315.713991
1011,847.647334,3,1315.713991
1012,0,1,1353.182976
1013,0,1,1316.396819
1013,3.005029,2,1316.396819
1013,8.70E-05,3,1316.396819
1013,7.033869,4,1316.396819
1014,0,1,1260.923653
1014,6.328023,2,1260.923653
1014,5.80E-05,3,1260.923653
1014,17.948628,4,1260.923653
1015,0,1,1316.783265
1015,4.907288,2,1316.783265
1015,7.40E-05,3,1316.783265
1015,13.54867,4,1316.783265
1016,0,1,1317.381554
1016,16.573793,2,1317.381554
1016,24.02196,3,1317.381554
1017,0,1,1336.991253
1017,16.712752,2,1336.991253
1017,5.80E-05,3,1336.991253
1018,0,1,1319.976316
1018,4.26909,2,1319.976316
1018,1171.192598,3,1319.976316
1019,0,1,1319.353783
1019,7.336328,2,1319.353783
1019,1184.766349,3,1319.353783
1020,0,1,1330.493931
1020,12.395679,2,1330.493931
1020,5.20E-05,3,1330.493931
1021,0,1,1263.772405
1021,17.720945,2,1263.772405
1021,8.70E-05,3,1263.772405
1021,20.152951,4,1263.772405
1022,0,1,1393.929829
1022,4.063762,2,1393.929829
1022,3.90E-05,3,1393.929829
1023,0,1,1314.814883
1023,9.729849,2,1314.814883
1023,1132.703994,3,1314.814883
1024,0,1,1317.287618
1024,6.311479,2,1317.287618
1024,1149.345173,3,1317.287618
1025,0,1,1314.01499
1025,6.191989,2,1314.01499
1025,8.50E-05,3,1314.01499
1025,19.798692,4,1314.01499
1026,0,1,1319.690498
1026,7.749992,2,1319.690498
1026,1050.991483,3,1319.690498
1027,0,1,1319.920454
1027,9.99226,2,1319.920454
1027,5.60E-05,3,1319.920454
1028,0,1,1318.701619
1028,4.55874,2,1318.701619
1028,290.933163,3,1318.701619
1028,77.122825,4,1318.701619
1029,0,1,1315.686023
1029,9.022448,2,1315.686023
1029,1171.066552,3,1315.686023
1030,0,1,1335.994366
1030,2.610959,2,1335.994366
1030,6.20E-05,3,1335.994366
1031,0,1,1321.372099
1031,7.540125,2,1321.372099
1031,1183.948563,3,1321.372099
1032,0,1,1319.741183
1032,7.483591,2,1319.741183
1032,946.798515,3,1319.741183
1033,0,1,1398.661192
1033,7.605642,2,1398.661192
1033,6.80E-05,3,1398.661192
1034,0,1,1314.966502
1034,6.798315,2,1314.966502
1034,7.30E-05,3,1314.966502
1034,31.186067,4,1314.966502
1035,0,1,1315.08034
1035,8.507905,2,1315.08034
1035,1191.693577,3,1315.08034
1036,0,1,1317.983164
1036,10.8159,2,1317.983164
1036,1044.552605,3,1317.983164
1037,0,1,1670.768451
1037,19.015705,2,1670.768451
1037,5.90E-05,3,1670.768451
1038,0,1,1350.973055
1038,8.644608,2,1350.973055
1038,4.80E-05,3,1350.973055
1039,0,1,1314.92054
1039,4.242651,2,1314.92054
1039,8.40E-05,3,1314.92054
1039,10.748736,4,1314.92054
1040,0,1,1393.433669
1040,6.94932,2,1393.433669
1040,9.10E-05,3,1393.433669
1041,0,1,1316.243584
1041,4.507407,2,1316.243584
1041,7.90E-05,3,1316.243584
1041,4.812285,4,1316.243584
1042,0,1,1314.074059
1042,9.222206,2,1314.074059
1042,327.678674,3,1314.074059
1042,10.392424,4,1314.074059
1043,0,1,1301.849254
1043,8.54826,2,1301.849254
1043,9.90E-05,3,1301.849254
1043,26.941285,4,1301.849254
1044,0,1,1264.263756
1044,25.550371,2,1264.263756
1044,0.000644,3,1264.263756
1044,44.967051,4,1264.263756
1045,0,1,1423.972162
1045,5.848923,2,1423.972162
1045,5.30E-05,3,1423.972162
1046,0,1,1318.603631
1046,5.234345,2,1318.603631
1046,733.13505,3,1318.603631
1047,0,1,1315.151672
1047,7.487152,2,1315.151672
1047,8.80E-05,3,1315.151672
1047,12.910768,4,1315.151672
1048,0,1,1380.964734
1048,5.708761,2,1380.964734
1048,9.50E-05,3,1380.964734
1049,0,1,1320.842015
1049,3.057464,2,1320.842015
1049,1152.207621,3,1320.842015
1050,0,1,1316.191932
1050,7.134681,2,1316.191932
1050,337.11267,3,1316.191932
1050,29.888549,4,1316.191932
1051,0,1,1324.152145
1051,5.43351,2,1324.152145
1051,4.70E-05,3,1324.152145
1052,0,1,1315.163688
1052,4.224847,2,1315.163688
1052,7.00E-05,3,1315.163688
1052,18.908151,4,1315.163688
1053,0,1,1327.524714
1053,3.304931,2,1327.524714
1053,7.90E-05,3,1327.524714
1054,0,0,1447.880161
1055,89.967523,3,2212.998395
1056,0,2,1355.810076
1056,4.60E-05,3,1355.810076